Date,Open,High,Low,Close
01/03/2006,"1,268.80","1,270.22","1,245.74","1,268.80"
01/04/2006,"1,273.46","1,275.37","1,267.74","1,273.46"
01/05/2006,"1,273.48","1,276.91","1,270.30","1,273.48"
01/06/2006,"1,285.45","1,286.09","1,273.48","1,285.45"
01/09/2006,"1,290.15","1,290.78","1,284.82","1,290.15"
01/10/2006,"1,289.69","1,290.15","1,283.76","1,289.69"
01/11/2006,"1,294.18","1,294.90","1,288.12","1,294.18"
01/12/2006,"1,286.06","1,294.18","1,285.04","1,286.06"
01/13/2006,"1,287.61","1,288.96","1,282.78","1,287.61"
01/17/2006,"1,282.93","1,287.61","1,278.61","1,282.93"
01/18/2006,"1,277.93","1,282.93","1,272.08","1,277.93"
01/19/2006,"1,285.04","1,287.79","1,277.93","1,285.04"
01/20/2006,"1,261.49","1,285.04","1,260.92","1,261.49"
01/23/2006,"1,263.82","1,268.19","1,261.49","1,263.82"
01/24/2006,"1,266.86","1,271.47","1,263.82","1,266.86"
01/25/2006,"1,264.68","1,271.87","1,259.42","1,264.68"
01/26/2006,"1,273.83","1,276.44","1,264.68","1,273.83"
01/27/2006,"1,283.72","1,286.38","1,273.83","1,283.72"
01/30/2006,"1,285.20","1,287.94","1,283.51","1,285.20"
01/31/2006,"1,280.08","1,285.20","1,276.85","1,280.08"
02/01/2006,"1,282.46","1,283.33","1,277.57","1,282.46"
02/02/2006,"1,270.84","1,282.46","1,267.72","1,270.84"
02/03/2006,"1,264.03","1,270.87","1,261.02","1,264.03"
02/06/2006,"1,265.02","1,267.04","1,261.62","1,265.02"
02/07/2006,"1,254.78","1,265.78","1,253.61","1,254.78"
02/08/2006,"1,265.65","1,266.47","1,254.78","1,265.65"
02/09/2006,"1,263.78","1,274.56","1,262.80","1,263.78"
02/10/2006,"1,266.99","1,269.89","1,254.98","1,266.99"
02/13/2006,"1,262.86","1,266.99","1,258.34","1,262.86"
02/14/2006,"1,275.53","1,278.21","1,260.80","1,275.53"
02/15/2006,"1,280.00","1,281.00","1,271.06","1,280.00"
02/16/2006,"1,289.38","1,289.39","1,280.00","1,289.38"
02/17/2006,"1,287.24","1,289.47","1,284.07","1,287.24"
02/21/2006,"1,283.03","1,291.92","1,281.33","1,283.03"
02/22/2006,"1,292.67","1,294.17","1,283.03","1,292.67"
02/23/2006,"1,287.79","1,293.84","1,285.14","1,287.79"
02/24/2006,"1,289.43","1,292.11","1,285.62","1,289.43"
02/27/2006,"1,294.12","1,297.57","1,289.43","1,294.12"
02/28/2006,"1,280.66","1,294.12","1,278.12","1,280.66"
03/01/2006,"1,291.24","1,291.80","1,280.66","1,291.24"
03/02/2006,"1,289.14","1,291.24","1,283.21","1,289.14"
03/03/2006,"1,287.23","1,297.33","1,284.20","1,287.23"
03/06/2006,"1,278.26","1,288.23","1,275.67","1,278.26"
03/07/2006,"1,275.88","1,278.26","1,271.11","1,275.88"
03/08/2006,"1,278.47","1,280.33","1,268.42","1,278.47"
03/09/2006,"1,272.23","1,282.74","1,272.23","1,272.23"
03/10/2006,"1,281.58","1,284.37","1,271.11","1,281.58"
03/13/2006,"1,284.13","1,287.37","1,281.58","1,284.13"
03/14/2006,"1,297.48","1,298.14","1,282.67","1,297.48"
03/15/2006,"1,303.02","1,304.40","1,294.97","1,303.02"
03/16/2006,"1,305.33","1,310.45","1,303.02","1,305.33"
03/17/2006,"1,307.25","1,309.79","1,305.32","1,307.25"
03/20/2006,"1,305.08","1,310.00","1,303.59","1,305.08"
03/21/2006,"1,297.23","1,310.88","1,295.82","1,297.23"
03/22/2006,"1,305.04","1,305.97","1,295.81","1,305.04"
03/23/2006,"1,301.67","1,305.04","1,298.11","1,301.67"
03/24/2006,"1,302.95","1,306.53","1,298.89","1,302.95"
03/27/2006,"1,301.61","1,303.74","1,299.09","1,301.61"
03/28/2006,"1,293.23","1,306.24","1,291.84","1,293.23"
03/29/2006,"1,302.89","1,305.60","1,293.23","1,302.89"
03/30/2006,"1,300.25","1,310.15","1,296.72","1,300.25"
03/31/2006,"1,294.83","1,303.00","1,294.83","1,294.83"
04/03/2006,"1,297.81","1,309.19","1,296.65","1,297.81"
04/04/2006,"1,305.93","1,307.55","1,294.71","1,305.93"
04/05/2006,"1,311.56","1,312.81","1,304.82","1,311.56"
04/06/2006,"1,309.04","1,311.99","1,302.44","1,309.04"
04/07/2006,"1,295.50","1,314.07","1,294.18","1,295.50"
04/10/2006,"1,296.60","1,300.74","1,293.17","1,296.60"
04/11/2006,"1,286.57","1,300.71","1,282.96","1,286.57"
04/12/2006,"1,288.12","1,290.93","1,286.45","1,288.12"
04/13/2006,"1,289.12","1,292.09","1,283.37","1,289.12"
04/17/2006,"1,285.33","1,292.45","1,280.74","1,285.33"
04/18/2006,"1,307.65","1,309.02","1,285.33","1,307.65"
04/19/2006,"1,309.93","1,310.39","1,302.79","1,309.93"
04/20/2006,"1,311.46","1,318.16","1,306.38","1,311.46"
04/21/2006,"1,311.28","1,317.67","1,306.59","1,311.28"
04/24/2006,"1,308.11","1,311.28","1,303.79","1,308.11"
04/25/2006,"1,301.74","1,310.79","1,299.17","1,301.74"
04/26/2006,"1,305.41","1,310.97","1,301.74","1,305.41"
04/27/2006,"1,309.72","1,315.00","1,295.57","1,309.72"
04/28/2006,"1,310.61","1,316.04","1,306.16","1,310.61"
05/01/2006,"1,305.19","1,317.21","1,303.46","1,305.19"
05/02/2006,"1,313.21","1,313.66","1,305.16","1,313.21"
05/03/2006,"1,307.85","1,313.47","1,303.92","1,307.85"
05/04/2006,"1,312.25","1,315.14","1,307.85","1,312.25"
05/05/2006,"1,325.76","1,326.53","1,312.25","1,325.76"
05/08/2006,"1,324.66","1,326.70","1,322.87","1,324.66"
05/09/2006,"1,325.14","1,326.60","1,322.48","1,325.14"
05/10/2006,"1,322.85","1,325.51","1,317.44","1,322.85"
05/11/2006,"1,305.92","1,322.63","1,303.45","1,305.92"
05/12/2006,"1,291.24","1,305.88","1,290.38","1,291.24"
05/15/2006,"1,294.50","1,294.81","1,284.51","1,294.50"
05/16/2006,"1,292.08","1,297.88","1,288.51","1,292.08"
05/17/2006,"1,270.32","1,291.73","1,267.31","1,270.32"
05/18/2006,"1,261.81","1,274.89","1,261.75","1,261.81"
05/19/2006,"1,267.03","1,272.15","1,256.28","1,267.03"
05/22/2006,"1,262.07","1,268.77","1,252.98","1,262.07"
05/23/2006,"1,256.58","1,273.67","1,256.15","1,256.58"
05/24/2006,"1,258.57","1,264.53","1,245.34","1,258.57"
05/25/2006,"1,272.88","1,273.26","1,258.41","1,272.88"
05/26/2006,"1,280.16","1,280.54","1,272.50","1,280.16"
05/30/2006,"1,259.84","1,280.04","1,259.84","1,259.84"
05/31/2006,"1,270.09","1,270.09","1,259.38","1,270.09"
06/01/2006,"1,285.71","1,285.71","1,269.19","1,285.71"
06/02/2006,"1,288.22","1,290.68","1,280.22","1,288.22"
06/05/2006,"1,265.29","1,288.16","1,264.66","1,265.29"
06/06/2006,"1,263.85","1,269.88","1,254.46","1,263.85"
06/07/2006,"1,256.15","1,272.47","1,255.77","1,256.15"
06/08/2006,"1,257.93","1,259.85","1,235.18","1,257.93"
06/09/2006,"1,252.30","1,262.58","1,250.03","1,252.30"
06/12/2006,"1,236.40","1,255.22","1,236.20","1,236.40"
06/13/2006,"1,223.69","1,243.37","1,222.52","1,223.69"
06/14/2006,"1,230.04","1,231.46","1,219.29","1,230.04"
06/15/2006,"1,256.16","1,258.64","1,230.01","1,256.16"
06/16/2006,"1,251.54","1,256.27","1,246.33","1,251.54"
06/19/2006,"1,240.14","1,255.93","1,237.17","1,240.14"
06/20/2006,"1,240.12","1,249.01","1,238.87","1,240.12"
06/21/2006,"1,252.20","1,257.96","1,240.09","1,252.20"
06/22/2006,"1,245.60","1,251.92","1,241.53","1,245.60"
06/23/2006,"1,244.50","1,253.13","1,241.43","1,244.50"
06/26/2006,"1,250.56","1,250.92","1,243.68","1,250.56"
06/27/2006,"1,239.20","1,253.37","1,238.94","1,239.20"
06/28/2006,"1,246.00","1,247.06","1,237.59","1,246.00"
06/29/2006,"1,272.87","1,272.88","1,245.94","1,272.87"
06/30/2006,"1,270.20","1,276.30","1,270.20","1,270.20"
07/03/2006,"1,280.19","1,280.38","1,270.06","1,280.19"
07/05/2006,"1,270.91","1,280.05","1,265.91","1,270.91"
07/06/2006,"1,274.08","1,278.32","1,270.58","1,274.08"
07/07/2006,"1,265.48","1,275.38","1,263.13","1,265.48"
07/10/2006,"1,267.34","1,274.06","1,264.46","1,267.34"
07/11/2006,"1,272.52","1,273.64","1,259.65","1,272.52"
07/12/2006,"1,258.60","1,273.31","1,257.29","1,258.60"
07/13/2006,"1,242.29","1,258.58","1,241.43","1,242.29"
07/14/2006,"1,236.20","1,242.70","1,228.45","1,236.20"
07/17/2006,"1,234.49","1,240.07","1,231.49","1,234.49"
07/18/2006,"1,236.86","1,239.86","1,224.54","1,236.86"
07/19/2006,"1,259.81","1,261.81","1,236.74","1,259.81"
07/20/2006,"1,249.13","1,262.56","1,249.13","1,249.13"
07/21/2006,"1,240.29","1,250.96","1,238.72","1,240.29"
07/24/2006,"1,260.91","1,262.50","1,240.25","1,260.91"
07/25/2006,"1,268.88","1,272.39","1,257.19","1,268.88"
07/26/2006,"1,268.40","1,273.89","1,261.94","1,268.40"
07/27/2006,"1,263.20","1,275.85","1,261.92","1,263.20"
07/28/2006,"1,278.55","1,280.42","1,263.15","1,278.55"
07/31/2006,"1,276.66","1,278.66","1,274.31","1,276.66"
08/01/2006,"1,270.92","1,276.66","1,265.71","1,270.92"
08/02/2006,"1,278.55","1,283.42","1,270.73","1,278.55"
08/03/2006,"1,280.27","1,283.96","1,271.25","1,280.27"
08/04/2006,"1,279.36","1,292.92","1,273.82","1,279.36"
08/07/2006,"1,275.77","1,279.31","1,273.00","1,275.77"
08/08/2006,"1,271.48","1,282.75","1,268.37","1,271.48"
08/09/2006,"1,265.95","1,283.74","1,264.73","1,265.95"
08/10/2006,"1,271.81","1,272.55","1,261.30","1,271.81"
08/11/2006,"1,266.74","1,271.64","1,262.08","1,266.74"
08/14/2006,"1,268.21","1,278.90","1,266.67","1,268.21"
08/15/2006,"1,285.58","1,286.23","1,268.19","1,285.58"
08/16/2006,"1,295.43","1,296.21","1,285.27","1,295.43"
08/17/2006,"1,297.48","1,300.78","1,292.71","1,297.48"
08/18/2006,"1,302.30","1,302.30","1,293.57","1,302.30"
08/21/2006,"1,297.52","1,302.30","1,295.51","1,297.52"
08/22/2006,"1,298.82","1,302.49","1,294.44","1,298.82"
08/23/2006,"1,292.99","1,301.50","1,289.49","1,292.99"
08/24/2006,"1,296.06","1,297.23","1,291.40","1,296.06"
08/25/2006,"1,295.09","1,298.88","1,292.39","1,295.09"
08/28/2006,"1,301.78","1,305.02","1,293.97","1,301.78"
08/29/2006,"1,304.28","1,305.02","1,295.29","1,304.28"
08/30/2006,"1,304.27","1,306.74","1,302.15","1,304.27"
08/31/2006,"1,303.82","1,306.11","1,302.45","1,303.82"
09/01/2006,"1,311.01","1,312.03","1,303.80","1,311.01"
09/05/2006,"1,313.25","1,314.67","1,308.82","1,313.25"
09/06/2006,"1,300.26","1,313.04","1,299.28","1,300.26"
09/07/2006,"1,294.02","1,301.25","1,292.13","1,294.02"
09/08/2006,"1,298.92","1,300.14","1,294.02","1,298.92"
09/11/2006,"1,299.54","1,302.36","1,290.93","1,299.54"
09/12/2006,"1,313.11","1,314.28","1,299.53","1,313.11"
09/13/2006,"1,318.07","1,319.92","1,311.12","1,318.07"
09/14/2006,"1,316.28","1,318.00","1,313.25","1,316.28"
09/15/2006,"1,319.87","1,324.65","1,316.28","1,319.87"
09/18/2006,"1,321.18","1,324.87","1,318.16","1,321.18"
09/19/2006,"1,318.31","1,322.04","1,312.17","1,318.31"
09/20/2006,"1,325.18","1,328.53","1,318.28","1,325.18"
09/21/2006,"1,318.03","1,328.19","1,315.45","1,318.03"
09/22/2006,"1,314.78","1,318.03","1,310.94","1,314.78"
09/25/2006,"1,326.37","1,329.35","1,311.58","1,326.37"
09/26/2006,"1,336.34","1,336.60","1,325.30","1,336.34"
09/27/2006,"1,336.59","1,340.08","1,333.54","1,336.59"
09/28/2006,"1,339.15","1,340.28","1,333.75","1,339.15"
09/29/2006,"1,335.85","1,339.88","1,335.64","1,335.85"
10/02/2006,"1,331.32","1,338.54","1,330.28","1,331.32"
10/03/2006,"1,334.11","1,338.31","1,327.10","1,334.11"
10/04/2006,"1,350.22","1,350.22","1,331.48","1,350.22"
10/05/2006,"1,353.22","1,353.79","1,347.75","1,353.22"
10/06/2006,"1,349.58","1,353.22","1,344.21","1,349.58"
10/09/2006,"1,350.66","1,352.69","1,346.55","1,350.66"
10/10/2006,"1,353.42","1,354.23","1,348.60","1,353.42"
10/11/2006,"1,349.95","1,353.97","1,343.57","1,349.95"
10/12/2006,"1,362.83","1,363.76","1,349.94","1,362.83"
10/13/2006,"1,365.62","1,366.63","1,360.50","1,365.62"
10/16/2006,"1,369.05","1,370.20","1,364.48","1,369.05"
10/17/2006,"1,364.05","1,369.05","1,356.87","1,364.05"
10/18/2006,"1,365.96","1,372.87","1,360.95","1,365.96"
10/19/2006,"1,366.96","1,368.09","1,362.06","1,366.96"
10/20/2006,"1,368.60","1,368.66","1,362.10","1,368.60"
10/23/2006,"1,377.02","1,377.40","1,363.94","1,377.02"
10/24/2006,"1,377.38","1,377.78","1,372.42","1,377.38"
10/25/2006,"1,382.22","1,383.61","1,376.00","1,382.22"
10/26/2006,"1,389.08","1,389.45","1,379.47","1,389.08"
10/27/2006,"1,377.34","1,388.89","1,375.85","1,377.34"
10/30/2006,"1,377.93","1,381.22","1,373.46","1,377.93"
10/31/2006,"1,377.94","1,381.21","1,372.19","1,377.94"
11/01/2006,"1,367.81","1,381.95","1,366.26","1,367.81"
11/02/2006,"1,367.34","1,368.39","1,362.21","1,367.34"
11/03/2006,"1,364.30","1,371.68","1,360.98","1,364.30"
11/06/2006,"1,379.78","1,381.40","1,364.27","1,379.78"
11/07/2006,"1,382.84","1,388.19","1,379.19","1,382.84"
11/08/2006,"1,385.72","1,388.61","1,376.29","1,385.72"
11/09/2006,"1,378.33","1,388.92","1,377.31","1,378.33"
11/10/2006,"1,380.90","1,381.04","1,375.60","1,380.90"
11/13/2006,"1,384.42","1,387.61","1,378.80","1,384.42"
11/14/2006,"1,393.22","1,394.49","1,379.07","1,393.22"
11/15/2006,"1,396.57","1,401.35","1,392.13","1,396.57"
11/16/2006,"1,399.76","1,403.76","1,396.53","1,399.76"
11/17/2006,"1,401.20","1,401.21","1,394.55","1,401.20"
11/20/2006,"1,400.50","1,404.37","1,397.85","1,400.50"
11/21/2006,"1,402.81","1,403.49","1,399.99","1,402.81"
11/22/2006,"1,406.09","1,407.89","1,402.26","1,406.09"
11/24/2006,"1,400.95","1,405.94","1,399.25","1,400.95"
11/27/2006,"1,381.90","1,400.95","1,381.44","1,381.90"
11/28/2006,"1,386.72","1,387.91","1,377.83","1,386.72"
11/29/2006,"1,399.48","1,401.14","1,386.11","1,399.48"
11/30/2006,"1,400.63","1,406.30","1,393.83","1,400.63"
12/01/2006,"1,396.71","1,402.46","1,385.93","1,396.71"
12/04/2006,"1,409.12","1,411.23","1,396.67","1,409.12"
12/05/2006,"1,414.76","1,415.27","1,408.78","1,414.76"
12/06/2006,"1,412.90","1,415.93","1,411.05","1,412.90"
12/07/2006,"1,407.29","1,418.27","1,406.80","1,407.29"
12/08/2006,"1,409.84","1,414.09","1,403.67","1,409.84"
12/11/2006,"1,413.04","1,415.60","1,408.56","1,413.04"
12/12/2006,"1,411.56","1,413.78","1,404.75","1,411.56"
12/13/2006,"1,413.21","1,416.64","1,411.05","1,413.21"
12/14/2006,"1,425.49","1,427.23","1,413.16","1,425.49"
12/15/2006,"1,427.09","1,431.63","1,425.48","1,427.09"
12/18/2006,"1,422.48","1,431.81","1,420.65","1,422.48"
12/19/2006,"1,425.55","1,428.30","1,414.88","1,425.55"
12/20/2006,"1,423.53","1,429.05","1,423.51","1,423.53"
12/21/2006,"1,418.30","1,426.40","1,415.90","1,418.30"
12/22/2006,"1,410.76","1,418.82","1,410.28","1,410.76"
12/26/2006,"1,416.90","1,417.91","1,410.45","1,416.90"
12/27/2006,"1,426.84","1,427.72","1,416.63","1,426.84"
12/28/2006,"1,424.73","1,427.26","1,422.05","1,424.73"
12/29/2006,"1,418.30","1,427.00","1,416.72","1,418.30"
01/03/2007,"1,416.60","1,429.42","1,407.86","1,416.60"
01/04/2007,"1,418.34","1,421.84","1,408.22","1,418.34"
01/05/2007,"1,409.71","1,418.34","1,405.75","1,409.71"
01/08/2007,"1,412.84","1,414.98","1,403.97","1,412.84"
01/09/2007,"1,412.11","1,415.61","1,405.42","1,412.11"
01/10/2007,"1,414.85","1,415.99","1,404.33","1,414.85"
01/11/2007,"1,423.83","1,427.12","1,414.84","1,423.83"
01/12/2007,"1,430.73","1,431.23","1,422.58","1,430.73"
01/16/2007,"1,431.90","1,433.93","1,428.62","1,431.90"
01/17/2007,"1,430.62","1,435.27","1,428.57","1,430.62"
01/18/2007,"1,426.37","1,433.30","1,424.21","1,426.37"
01/19/2007,"1,430.50","1,431.57","1,425.19","1,430.50"
01/22/2007,"1,422.96","1,431.39","1,420.40","1,422.96"
01/23/2007,"1,427.99","1,431.33","1,421.66","1,427.99"
01/24/2007,"1,440.13","1,440.14","1,427.96","1,440.13"
01/25/2007,"1,423.90","1,440.69","1,422.34","1,423.90"
01/26/2007,"1,422.18","1,427.27","1,416.96","1,422.18"
01/29/2007,"1,420.62","1,426.94","1,418.46","1,420.62"
01/30/2007,"1,428.82","1,428.82","1,420.61","1,428.82"
01/31/2007,"1,438.24","1,441.61","1,424.78","1,438.24"
02/01/2007,"1,445.94","1,446.64","1,437.90","1,445.94"
02/02/2007,"1,448.39","1,449.33","1,444.49","1,448.39"
02/05/2007,"1,446.99","1,449.38","1,443.85","1,446.99"
02/06/2007,"1,448.00","1,450.19","1,443.40","1,448.00"
02/07/2007,"1,450.02","1,452.99","1,446.44","1,450.02"
02/08/2007,"1,448.31","1,450.45","1,442.81","1,448.31"
02/09/2007,"1,438.06","1,452.45","1,433.44","1,438.06"
02/12/2007,"1,433.37","1,439.11","1,431.44","1,433.37"
02/13/2007,"1,444.26","1,444.41","1,433.22","1,444.26"
02/14/2007,"1,455.30","1,457.65","1,443.91","1,455.30"
02/15/2007,"1,456.81","1,457.97","1,453.19","1,456.81"
02/16/2007,"1,455.54","1,456.77","1,451.57","1,455.54"
02/20/2007,"1,459.68","1,460.53","1,449.20","1,459.68"
02/21/2007,"1,457.63","1,459.60","1,452.02","1,457.63"
02/22/2007,"1,456.38","1,461.57","1,450.51","1,456.38"
02/23/2007,"1,451.19","1,456.22","1,448.36","1,451.19"
02/26/2007,"1,449.37","1,456.95","1,445.48","1,449.37"
02/27/2007,"1,399.04","1,449.25","1,389.42","1,399.04"
02/28/2007,"1,406.82","1,415.89","1,396.65","1,406.82"
03/01/2007,"1,403.17","1,409.46","1,380.87","1,403.17"
03/02/2007,"1,387.17","1,403.40","1,386.87","1,387.17"
03/05/2007,"1,374.12","1,391.86","1,373.97","1,374.12"
03/06/2007,"1,395.41","1,397.90","1,374.06","1,395.41"
03/07/2007,"1,391.97","1,401.16","1,390.64","1,391.97"
03/08/2007,"1,401.89","1,407.93","1,391.88","1,401.89"
03/09/2007,"1,402.85","1,410.15","1,397.30","1,402.85"
03/12/2007,"1,406.60","1,409.34","1,398.40","1,406.60"
03/13/2007,"1,377.95","1,406.23","1,377.71","1,377.95"
03/14/2007,"1,387.17","1,388.09","1,363.98","1,387.17"
03/15/2007,"1,392.28","1,395.73","1,385.16","1,392.28"
03/16/2007,"1,386.95","1,397.51","1,383.63","1,386.95"
03/19/2007,"1,402.06","1,403.20","1,386.95","1,402.06"
03/20/2007,"1,410.94","1,411.53","1,400.70","1,410.94"
03/21/2007,"1,435.04","1,437.77","1,409.75","1,435.04"
03/22/2007,"1,434.54","1,437.66","1,429.88","1,434.54"
03/23/2007,"1,436.11","1,438.89","1,433.21","1,436.11"
03/26/2007,"1,437.50","1,437.65","1,423.28","1,437.50"
03/27/2007,"1,428.61","1,437.49","1,425.54","1,428.61"
03/28/2007,"1,417.23","1,428.35","1,414.07","1,417.23"
03/29/2007,"1,422.53","1,426.24","1,413.27","1,422.53"
03/30/2007,"1,420.86","1,429.22","1,408.90","1,420.86"
04/02/2007,"1,424.55","1,425.49","1,416.37","1,424.55"
04/03/2007,"1,437.77","1,440.57","1,424.27","1,437.77"
04/04/2007,"1,439.37","1,440.16","1,435.08","1,439.37"
04/05/2007,"1,443.76","1,444.88","1,436.67","1,443.76"
04/09/2007,"1,444.61","1,448.10","1,443.28","1,444.61"
04/10/2007,"1,448.39","1,448.73","1,443.99","1,448.39"
04/11/2007,"1,438.87","1,448.39","1,436.15","1,438.87"
04/12/2007,"1,447.80","1,448.02","1,433.91","1,447.80"
04/13/2007,"1,452.85","1,453.11","1,444.15","1,452.85"
04/16/2007,"1,468.47","1,468.62","1,452.84","1,468.47"
04/17/2007,"1,471.48","1,474.35","1,467.15","1,471.48"
04/18/2007,"1,472.50","1,476.57","1,466.41","1,472.50"
04/19/2007,"1,470.73","1,474.23","1,464.47","1,470.73"
04/20/2007,"1,484.35","1,484.74","1,470.69","1,484.35"
04/23/2007,"1,480.93","1,487.32","1,480.19","1,480.93"
04/24/2007,"1,480.41","1,483.82","1,473.74","1,480.41"
04/25/2007,"1,495.42","1,496.59","1,480.28","1,495.42"
04/26/2007,"1,494.25","1,498.02","1,491.17","1,494.25"
04/27/2007,"1,494.07","1,497.32","1,488.67","1,494.07"
04/30/2007,"1,482.37","1,497.16","1,482.29","1,482.37"
05/01/2007,"1,486.30","1,487.27","1,476.70","1,486.30"
05/02/2007,"1,495.92","1,499.10","1,486.13","1,495.92"
05/03/2007,"1,502.39","1,503.34","1,495.56","1,502.39"
05/04/2007,"1,505.62","1,510.34","1,501.80","1,505.62"
05/07/2007,"1,509.48","1,511.00","1,505.54","1,509.48"
05/08/2007,"1,507.72","1,509.36","1,500.66","1,507.72"
05/09/2007,"1,512.58","1,513.80","1,503.77","1,512.58"
05/10/2007,"1,491.47","1,512.33","1,491.42","1,491.47"
05/11/2007,"1,505.85","1,506.24","1,491.47","1,505.85"
05/14/2007,"1,503.15","1,510.90","1,498.34","1,503.15"
05/15/2007,"1,501.19","1,514.83","1,500.43","1,501.19"
05/16/2007,"1,514.14","1,514.15","1,500.75","1,514.14"
05/17/2007,"1,512.75","1,517.14","1,509.29","1,512.75"
05/18/2007,"1,522.75","1,522.75","1,512.74","1,522.75"
05/21/2007,"1,525.10","1,529.87","1,522.71","1,525.10"
05/22/2007,"1,524.12","1,529.24","1,522.05","1,524.12"
05/23/2007,"1,522.28","1,532.43","1,521.90","1,522.28"
05/24/2007,"1,507.51","1,529.31","1,505.18","1,507.51"
05/25/2007,"1,515.73","1,517.41","1,507.50","1,515.73"
05/29/2007,"1,518.11","1,521.80","1,512.02","1,518.11"
05/30/2007,"1,530.23","1,530.23","1,510.06","1,530.23"
05/31/2007,"1,530.62","1,535.56","1,528.26","1,530.62"
06/01/2007,"1,536.34","1,540.56","1,530.62","1,536.34"
06/04/2007,"1,539.18","1,540.53","1,532.31","1,539.18"
06/05/2007,"1,530.95","1,539.12","1,525.62","1,530.95"
06/06/2007,"1,517.38","1,530.57","1,514.13","1,517.38"
06/07/2007,"1,490.72","1,517.36","1,490.37","1,490.72"
06/08/2007,"1,507.67","1,507.76","1,487.41","1,507.67"
06/11/2007,"1,509.12","1,515.53","1,503.35","1,509.12"
06/12/2007,"1,493.00","1,511.33","1,492.97","1,493.00"
06/13/2007,"1,515.67","1,515.70","1,492.65","1,515.67"
06/14/2007,"1,522.97","1,526.45","1,515.58","1,522.97"
06/15/2007,"1,532.91","1,538.71","1,522.97","1,532.91"
06/18/2007,"1,531.05","1,535.44","1,529.31","1,531.05"
06/19/2007,"1,533.70","1,535.85","1,525.67","1,533.70"
06/20/2007,"1,512.84","1,537.80","1,512.36","1,512.84"
06/21/2007,"1,522.19","1,522.90","1,504.75","1,522.19"
06/22/2007,"1,502.56","1,522.19","1,500.74","1,502.56"
06/25/2007,"1,497.74","1,514.29","1,492.68","1,497.74"
06/26/2007,"1,492.89","1,506.12","1,490.54","1,492.89"
06/27/2007,"1,506.34","1,506.80","1,484.18","1,506.34"
06/28/2007,"1,505.71","1,514.84","1,503.41","1,505.71"
06/29/2007,"1,503.35","1,517.53","1,493.61","1,503.35"
07/02/2007,"1,519.43","1,519.45","1,504.66","1,519.43"
07/03/2007,"1,524.87","1,526.01","1,519.12","1,524.87"
07/05/2007,"1,525.40","1,526.57","1,517.72","1,525.40"
07/06/2007,"1,530.44","1,532.40","1,520.47","1,530.44"
07/09/2007,"1,531.85","1,534.21","1,527.53","1,531.85"
07/10/2007,"1,510.12","1,531.85","1,510.06","1,510.12"
07/11/2007,"1,518.76","1,519.27","1,506.64","1,518.76"
07/12/2007,"1,547.70","1,547.91","1,518.74","1,547.70"
07/13/2007,"1,552.50","1,555.10","1,544.85","1,552.50"
07/16/2007,"1,549.52","1,555.90","1,546.69","1,549.52"
07/17/2007,"1,549.37","1,555.22","1,547.91","1,549.37"
07/18/2007,"1,546.17","1,549.20","1,533.68","1,546.17"
07/19/2007,"1,553.08","1,555.24","1,546.13","1,553.08"
07/20/2007,"1,534.10","1,553.19","1,529.47","1,534.10"
07/23/2007,"1,541.57","1,547.02","1,534.06","1,541.57"
07/24/2007,"1,511.04","1,541.57","1,508.74","1,511.04"
07/25/2007,"1,518.09","1,524.31","1,503.91","1,518.09"
07/26/2007,"1,482.66","1,518.09","1,465.95","1,482.66"
07/27/2007,"1,458.95","1,487.93","1,458.95","1,458.95"
07/30/2007,"1,473.91","1,477.69","1,454.24","1,473.91"
07/31/2007,"1,455.27","1,488.40","1,454.22","1,455.27"
08/01/2007,"1,465.81","1,467.80","1,439.64","1,465.81"
08/02/2007,"1,472.20","1,476.13","1,460.73","1,472.20"
08/03/2007,"1,433.06","1,473.15","1,432.81","1,433.06"
08/06/2007,"1,467.67","1,467.67","1,427.36","1,467.67"
08/07/2007,"1,476.71","1,488.42","1,456.90","1,476.71"
08/08/2007,"1,497.49","1,503.41","1,476.22","1,497.49"
08/09/2007,"1,453.09","1,497.21","1,453.09","1,453.09"
08/10/2007,"1,453.64","1,462.02","1,429.74","1,453.64"
08/13/2007,"1,452.92","1,466.29","1,451.54","1,452.92"
08/14/2007,"1,426.54","1,456.74","1,426.20","1,426.54"
08/15/2007,"1,406.70","1,440.78","1,404.36","1,406.70"
08/16/2007,"1,411.27","1,415.97","1,370.60","1,411.27"
08/17/2007,"1,445.94","1,450.33","1,411.26","1,445.94"
08/20/2007,"1,445.55","1,451.75","1,430.54","1,445.55"
08/21/2007,"1,447.12","1,455.32","1,439.76","1,447.12"
08/22/2007,"1,464.07","1,464.86","1,447.03","1,464.07"
08/23/2007,"1,462.50","1,472.64","1,453.88","1,462.50"
08/24/2007,"1,479.37","1,479.40","1,460.54","1,479.37"
08/27/2007,"1,466.79","1,479.36","1,465.98","1,466.79"
08/28/2007,"1,432.36","1,466.72","1,432.01","1,432.36"
08/29/2007,"1,463.76","1,463.76","1,432.01","1,463.76"
08/30/2007,"1,457.64","1,468.43","1,451.25","1,457.64"
08/31/2007,"1,473.99","1,481.47","1,457.61","1,473.99"
09/04/2007,"1,489.42","1,496.40","1,472.15","1,489.42"
09/05/2007,"1,472.29","1,488.76","1,466.34","1,472.29"
09/06/2007,"1,478.55","1,481.49","1,467.41","1,478.55"
09/07/2007,"1,453.55","1,478.55","1,449.07","1,453.55"
09/10/2007,"1,451.70","1,462.25","1,439.29","1,451.70"
09/11/2007,"1,471.49","1,472.48","1,451.69","1,471.49"
09/12/2007,"1,471.56","1,479.50","1,465.75","1,471.56"
09/13/2007,"1,483.95","1,489.58","1,471.47","1,483.95"
09/14/2007,"1,484.25","1,485.99","1,473.18","1,484.25"
09/17/2007,"1,476.65","1,484.24","1,471.82","1,476.65"
09/18/2007,"1,519.78","1,519.89","1,476.63","1,519.78"
09/19/2007,"1,529.03","1,538.74","1,519.75","1,529.03"
09/20/2007,"1,518.75","1,529.14","1,516.42","1,518.75"
09/21/2007,"1,525.75","1,530.89","1,518.75","1,525.75"
09/24/2007,"1,517.73","1,530.18","1,516.15","1,517.73"
09/25/2007,"1,517.21","1,518.27","1,507.13","1,517.21"
09/26/2007,"1,525.42","1,529.39","1,518.62","1,525.42"
09/27/2007,"1,531.38","1,532.46","1,525.81","1,531.38"
09/28/2007,"1,526.75","1,533.74","1,521.99","1,526.75"
10/01/2007,"1,547.04","1,549.02","1,527.25","1,547.04"
10/02/2007,"1,546.63","1,548.01","1,540.37","1,546.63"
10/03/2007,"1,539.60","1,545.84","1,536.34","1,539.60"
10/04/2007,"1,542.84","1,544.02","1,537.63","1,542.84"
10/05/2007,"1,557.59","1,561.91","1,543.84","1,557.59"
10/08/2007,"1,552.58","1,556.51","1,549.00","1,552.58"
10/09/2007,"1,565.15","1,565.27","1,551.81","1,565.15"
10/10/2007,"1,562.47","1,565.36","1,555.46","1,562.47"
10/11/2007,"1,554.41","1,576.09","1,546.72","1,554.41"
10/12/2007,"1,561.80","1,563.03","1,554.09","1,561.80"
10/15/2007,"1,548.71","1,564.74","1,540.81","1,548.71"
10/16/2007,"1,538.53","1,547.81","1,536.29","1,538.53"
10/17/2007,"1,541.24","1,550.66","1,526.01","1,541.24"
10/18/2007,"1,540.08","1,542.79","1,531.76","1,540.08"
10/19/2007,"1,500.63","1,540.00","1,500.26","1,500.63"
10/22/2007,"1,506.33","1,508.06","1,490.40","1,506.33"
10/23/2007,"1,519.59","1,520.01","1,503.61","1,519.59"
10/24/2007,"1,515.88","1,517.23","1,489.56","1,515.88"
10/25/2007,"1,514.40","1,523.24","1,500.46","1,514.40"
10/26/2007,"1,535.28","1,535.53","1,520.18","1,535.28"
10/29/2007,"1,540.98","1,544.67","1,536.43","1,540.98"
10/30/2007,"1,531.02","1,539.42","1,529.55","1,531.02"
10/31/2007,"1,549.38","1,552.76","1,529.40","1,549.38"
11/01/2007,"1,508.44","1,545.79","1,506.66","1,508.44"
11/02/2007,"1,509.65","1,513.15","1,492.53","1,509.65"
11/05/2007,"1,502.17","1,510.84","1,489.95","1,502.17"
11/06/2007,"1,520.27","1,520.77","1,499.07","1,520.27"
11/07/2007,"1,475.62","1,515.46","1,475.04","1,475.62"
11/08/2007,"1,474.77","1,482.50","1,450.31","1,474.77"
11/09/2007,"1,453.70","1,474.09","1,448.51","1,453.70"
11/12/2007,"1,439.18","1,464.94","1,438.53","1,439.18"
11/13/2007,"1,481.05","1,481.37","1,441.35","1,481.05"
11/14/2007,"1,470.58","1,492.14","1,466.47","1,470.58"
11/15/2007,"1,451.15","1,472.67","1,443.49","1,451.15"
11/16/2007,"1,458.74","1,462.18","1,443.99","1,458.74"
11/19/2007,"1,433.27","1,456.70","1,430.42","1,433.27"
11/20/2007,"1,439.70","1,452.64","1,419.28","1,439.70"
11/21/2007,"1,416.77","1,436.40","1,415.64","1,416.77"
11/23/2007,"1,440.70","1,440.86","1,417.62","1,440.70"
11/26/2007,"1,407.22","1,446.09","1,406.10","1,407.22"
11/27/2007,"1,428.23","1,429.49","1,407.43","1,428.23"
11/28/2007,"1,469.02","1,471.62","1,432.95","1,469.02"
11/29/2007,"1,469.72","1,473.81","1,458.36","1,469.72"
11/30/2007,"1,481.14","1,488.74","1,469.72","1,481.14"
12/03/2007,"1,472.42","1,481.16","1,470.08","1,472.42"
12/04/2007,"1,462.79","1,471.34","1,460.66","1,462.79"
12/05/2007,"1,485.01","1,485.85","1,462.06","1,485.01"
12/06/2007,"1,507.34","1,508.02","1,482.19","1,507.34"
12/07/2007,"1,504.66","1,510.41","1,502.71","1,504.66"
12/10/2007,"1,515.96","1,518.27","1,504.96","1,515.96"
12/11/2007,"1,477.65","1,523.57","1,475.99","1,477.65"
12/12/2007,"1,486.59","1,511.96","1,468.23","1,486.59"
12/13/2007,"1,488.41","1,489.40","1,469.21","1,488.41"
12/14/2007,"1,467.95","1,488.39","1,467.87","1,467.95"
12/17/2007,"1,445.90","1,467.95","1,445.46","1,445.90"
12/18/2007,"1,454.98","1,460.16","1,435.65","1,454.98"
12/19/2007,"1,453.00","1,464.40","1,445.49","1,453.00"
12/20/2007,"1,460.12","1,461.53","1,447.22","1,460.12"
12/21/2007,"1,484.46","1,485.40","1,463.19","1,484.46"
12/24/2007,"1,496.45","1,497.63","1,484.55","1,496.45"
12/26/2007,"1,497.66","1,498.85","1,488.20","1,497.66"
12/27/2007,"1,476.37","1,495.05","1,475.86","1,476.37"
12/28/2007,"1,478.49","1,487.90","1,471.74","1,478.49"
12/31/2007,"1,468.36","1,475.83","1,465.13","1,468.36"
01/02/2008,"1,447.16","1,471.77","1,442.07","1,447.16"
01/03/2008,"1,447.16","1,456.80","1,443.73","1,447.16"
01/04/2008,"1,411.63","1,444.01","1,411.19","1,411.63"
01/07/2008,"1,417.97","1,423.87","1,403.45","1,416.18"
01/08/2008,"1,422.15","1,430.28","1,388.30","1,390.19"
01/09/2008,"1,390.43","1,409.19","1,378.70","1,409.13"
01/10/2008,"1,397.54","1,429.07","1,395.30","1,420.33"
01/11/2008,"1,406.91","1,419.91","1,394.83","1,401.02"
01/14/2008,"1,412.87","1,417.89","1,402.91","1,416.25"
01/15/2008,"1,397.73","1,411.88","1,380.60","1,380.95"
01/16/2008,"1,373.27","1,391.99","1,364.27","1,373.20"
01/17/2008,"1,374.79","1,377.72","1,330.67","1,333.25"
01/18/2008,"1,333.94","1,350.28","1,312.51","1,325.19"
01/22/2008,"1,266.79","1,322.09","1,274.29","1,310.50"
01/23/2008,"1,277.56","1,339.09","1,270.05","1,338.60"
01/24/2008,"1,344.92","1,355.15","1,334.31","1,352.07"
01/25/2008,"1,368.56","1,368.56","1,327.50","1,330.61"
01/28/2008,"1,334.17","1,353.97","1,322.26","1,353.97"
01/29/2008,"1,363.33","1,364.93","1,350.19","1,362.30"
01/30/2008,"1,356.60","1,385.86","1,352.95","1,355.81"
01/31/2008,"1,334.92","1,385.62","1,334.08","1,378.55"
02/01/2008,"1,381.72","1,396.02","1,375.93","1,395.42"
02/04/2008,"1,395.27","1,395.38","1,379.69","1,380.82"
02/05/2008,"1,357.26","1,380.28","1,336.64","1,336.64"
02/06/2008,"1,346.80","1,351.96","1,324.34","1,326.45"
02/07/2008,"1,321.09","1,347.16","1,316.75","1,336.91"
02/08/2008,"1,331.34","1,341.22","1,321.06","1,331.29"
02/11/2008,"1,331.23","1,341.40","1,320.32","1,339.13"
02/12/2008,"1,346.93","1,362.10","1,339.36","1,348.86"
02/13/2008,"1,360.01","1,369.23","1,350.78","1,367.21"
02/14/2008,"1,368.16","1,368.16","1,347.31","1,348.86"
02/15/2008,"1,347.20","1,350.00","1,338.13","1,349.99"
02/19/2008,"1,366.84","1,367.28","1,345.05","1,348.78"
02/20/2008,"1,338.56","1,363.71","1,336.55","1,360.03"
02/21/2008,"1,364.30","1,367.94","1,339.34","1,342.53"
02/22/2008,"1,344.22","1,354.30","1,327.04","1,353.11"
02/25/2008,"1,352.75","1,374.36","1,346.03","1,371.80"
02/26/2008,"1,371.76","1,387.34","1,363.29","1,381.29"
02/27/2008,"1,378.95","1,388.34","1,372.00","1,380.02"
02/28/2008,"1,378.16","1,378.16","1,363.16","1,367.68"
02/29/2008,"1,354.12","1,364.07","1,325.42","1,330.63"
03/03/2008,"1,329.68","1,335.13","1,320.04","1,331.34"
03/04/2008,"1,320.75","1,331.03","1,307.39","1,326.75"
03/05/2008,"1,330.32","1,344.19","1,320.22","1,333.70"
03/06/2008,"1,329.23","1,332.20","1,303.42","1,304.34"
03/07/2008,"1,294.66","1,313.24","1,282.43","1,293.37"
03/10/2008,"1,293.68","1,295.01","1,272.66","1,273.37"
03/11/2008,"1,301.40","1,320.65","1,274.40","1,320.65"
03/12/2008,"1,322.23","1,333.26","1,307.86","1,308.77"
03/13/2008,"1,291.34","1,321.68","1,282.11","1,315.48"
03/14/2008,"1,319.78","1,321.47","1,274.86","1,288.14"
03/17/2008,"1,283.21","1,287.50","1,256.98","1,276.60"
03/18/2008,"1,302.22","1,330.74","1,277.16","1,330.74"
03/19/2008,"1,334.63","1,341.51","1,298.42","1,298.42"
03/20/2008,"1,299.67","1,330.67","1,295.22","1,329.51"
03/24/2008,"1,333.66","1,359.68","1,330.29","1,349.88"
03/25/2008,"1,351.42","1,357.47","1,341.21","1,352.99"
03/26/2008,"1,343.93","1,352.45","1,336.41","1,341.13"
03/27/2008,"1,345.62","1,345.62","1,325.66","1,325.76"
03/28/2008,"1,327.02","1,334.87","1,312.95","1,315.22"
03/31/2008,"1,314.42","1,328.52","1,312.81","1,322.70"
04/01/2008,"1,340.94","1,370.18","1,326.41","1,370.18"
04/02/2008,"1,373.15","1,377.95","1,361.55","1,367.53"
04/03/2008,"1,359.71","1,375.66","1,358.68","1,369.31"
04/04/2008,"1,370.56","1,380.91","1,362.83","1,370.40"
04/07/2008,"1,381.19","1,386.74","1,369.02","1,372.54"
04/08/2008,"1,362.61","1,370.16","1,360.62","1,365.54"
04/09/2008,"1,365.43","1,368.39","1,349.97","1,354.49"
04/10/2008,"1,355.21","1,367.24","1,350.11","1,360.55"
04/11/2008,"1,343.58","1,357.98","1,331.21","1,332.83"
04/14/2008,"1,331.83","1,335.64","1,326.16","1,328.32"
04/15/2008,"1,337.59","1,337.72","1,324.35","1,334.43"
04/16/2008,"1,346.43","1,365.49","1,337.02","1,364.71"
04/17/2008,"1,360.18","1,368.60","1,357.25","1,365.56"
04/18/2008,"1,391.12","1,395.90","1,369.00","1,390.33"
04/21/2008,"1,382.69","1,390.23","1,379.25","1,388.17"
04/22/2008,"1,382.47","1,386.43","1,369.84","1,375.94"
04/23/2008,"1,379.71","1,387.87","1,372.24","1,379.93"
04/24/2008,"1,382.14","1,397.72","1,371.09","1,388.82"
04/25/2008,"1,395.18","1,399.11","1,379.98","1,397.84"
04/28/2008,"1,398.44","1,402.90","1,394.40","1,396.37"
04/29/2008,"1,393.18","1,397.00","1,386.70","1,390.94"
04/30/2008,"1,393.89","1,404.57","1,384.25","1,385.59"
05/01/2008,"1,384.23","1,410.07","1,383.07","1,409.34"
05/02/2008,"1,409.16","1,422.72","1,406.25","1,413.90"
05/05/2008,"1,410.83","1,415.70","1,404.37","1,407.49"
05/06/2008,"1,401.49","1,421.57","1,397.10","1,418.26"
05/07/2008,"1,417.53","1,419.54","1,391.16","1,392.57"
05/08/2008,"1,397.75","1,402.35","1,389.39","1,397.68"
05/09/2008,"1,385.11","1,394.90","1,384.11","1,388.28"
05/12/2008,"1,390.40","1,404.06","1,386.20","1,403.58"
05/13/2008,"1,407.07","1,406.30","1,396.26","1,403.04"
05/14/2008,"1,409.45","1,420.19","1,405.65","1,408.66"
05/15/2008,"1,408.36","1,424.40","1,406.87","1,423.57"
05/16/2008,"1,425.70","1,425.82","1,414.35","1,425.35"
05/19/2008,"1,425.74","1,440.24","1,421.63","1,426.63"
05/20/2008,"1,419.93","1,424.49","1,409.09","1,413.40"
05/21/2008,"1,416.16","1,419.12","1,388.81","1,390.71"
05/22/2008,"1,390.83","1,399.07","1,390.23","1,394.35"
05/23/2008,"1,389.24","1,392.20","1,373.72","1,375.93"
05/27/2008,"1,374.98","1,387.40","1,373.07","1,385.35"
05/28/2008,"1,388.38","1,391.25","1,378.16","1,390.84"
05/29/2008,"1,387.50","1,406.32","1,388.59","1,398.26"
05/30/2008,"1,401.86","1,404.46","1,398.08","1,400.38"
06/02/2008,"1,395.74","1,399.62","1,377.79","1,385.67"
06/03/2008,"1,389.88","1,393.12","1,370.12","1,377.65"
06/04/2008,"1,373.97","1,388.18","1,371.74","1,377.20"
06/05/2008,"1,382.33","1,404.05","1,377.48","1,404.05"
06/06/2008,"1,419.93","1,400.06","1,359.90","1,360.68"
06/09/2008,"1,366.18","1,370.63","1,350.62","1,361.76"
06/10/2008,"1,351.93","1,366.84","1,351.56","1,358.44"
06/11/2008,"1,355.25","1,357.09","1,335.47","1,335.49"
06/12/2008,"1,342.56","1,353.03","1,331.29","1,339.87"
06/13/2008,"1,347.73","1,360.03","1,341.71","1,360.03"
06/16/2008,"1,351.74","1,364.70","1,352.07","1,360.14"
06/17/2008,"1,365.56","1,366.59","1,350.54","1,350.93"
06/18/2008,"1,341.49","1,349.59","1,333.40","1,337.81"
06/19/2008,"1,336.69","1,347.66","1,330.50","1,342.83"
06/20/2008,"1,339.28","1,341.02","1,314.46","1,317.93"
06/23/2008,"1,322.35","1,323.78","1,315.31","1,318.00"
06/24/2008,"1,311.62","1,326.02","1,304.42","1,314.29"
06/25/2008,"1,319.24","1,335.63","1,314.54","1,321.97"
06/26/2008,"1,307.49","1,316.29","1,283.15","1,283.15"
06/27/2008,"1,284.44","1,289.45","1,272.00","1,278.38"
06/30/2008,"1,280.33","1,290.31","1,274.86","1,280.00"
07/01/2008,"1,266.79","1,285.31","1,260.68","1,284.91"
07/02/2008,"1,290.11","1,292.17","1,261.51","1,261.52"
07/03/2008,"1,269.93","1,271.48","1,252.01","1,262.90"
07/07/2008,"1,265.67","1,273.95","1,240.68","1,252.31"
07/08/2008,"1,250.67","1,274.17","1,242.84","1,273.70"
07/09/2008,"1,274.69","1,277.36","1,244.69","1,244.69"
07/10/2008,"1,245.71","1,257.65","1,236.76","1,253.39"
07/11/2008,"1,238.55","1,257.27","1,225.35","1,239.49"
07/14/2008,"1,253.50","1,253.50","1,225.01","1,228.30"
07/15/2008,"1,215.52","1,234.35","1,200.44","1,214.91"
07/16/2008,"1,214.50","1,245.52","1,211.39","1,245.36"
07/17/2008,"1,251.39","1,262.31","1,241.49","1,260.32"
07/18/2008,"1,262.23","1,262.23","1,251.81","1,260.68"
07/21/2008,"1,264.67","1,267.74","1,255.70","1,260.00"
07/22/2008,"1,251.45","1,277.42","1,248.83","1,277.00"
07/23/2008,"1,280.28","1,291.17","1,276.06","1,282.19"
07/24/2008,"1,282.95","1,283.22","1,251.48","1,252.54"
07/25/2008,"1,259.73","1,263.33","1,251.75","1,257.76"
07/28/2008,"1,254.67","1,260.09","1,234.37","1,234.37"
07/29/2008,"1,240.10","1,263.20","1,236.38","1,263.20"
07/30/2008,"1,269.56","1,284.33","1,264.52","1,284.26"
07/31/2008,"1,271.66","1,284.93","1,265.97","1,267.38"
08/01/2008,"1,270.52","1,270.52","1,254.54","1,260.31"
08/04/2008,"1,258.07","1,260.49","1,247.45","1,249.01"
08/05/2008,"1,254.87","1,284.88","1,254.67","1,284.88"
08/06/2008,"1,279.88","1,291.67","1,276.00","1,289.19"
08/07/2008,"1,279.57","1,286.51","1,264.29","1,266.07"
08/08/2008,"1,263.68","1,297.85","1,262.11","1,296.32"
08/11/2008,"1,293.73","1,313.15","1,291.41","1,305.32"
08/12/2008,"1,300.68","1,304.79","1,285.64","1,289.59"
08/13/2008,"1,285.22","1,294.03","1,274.86","1,285.83"
08/14/2008,"1,274.99","1,300.11","1,276.84","1,292.93"
08/15/2008,"1,294.49","1,302.05","1,290.74","1,298.20"
08/18/2008,"1,299.98","1,300.22","1,274.51","1,278.60"
08/19/2008,"1,270.18","1,276.65","1,263.11","1,266.69"
08/20/2008,"1,271.44","1,276.01","1,261.16","1,274.54"
08/21/2008,"1,266.14","1,281.40","1,265.22","1,277.72"
08/22/2008,"1,282.92","1,293.09","1,277.59","1,292.20"
08/25/2008,"1,284.71","1,290.47","1,264.87","1,266.84"
08/26/2008,"1,267.15","1,275.65","1,263.21","1,271.51"
08/27/2008,"1,272.58","1,285.05","1,270.03","1,281.66"
08/28/2008,"1,288.00","1,300.68","1,283.79","1,300.68"
08/29/2008,"1,293.82","1,297.59","1,282.74","1,282.83"
09/02/2008,"1,298.33","1,303.04","1,272.20","1,277.58"
09/03/2008,"1,275.03","1,280.60","1,265.59","1,274.98"
09/04/2008,"1,266.06","1,271.80","1,232.83","1,236.83"
09/05/2008,"1,228.92","1,244.94","1,217.23","1,242.31"
09/08/2008,"1,274.42","1,274.42","1,247.12","1,267.79"
09/09/2008,"1,265.41","1,268.66","1,224.51","1,224.51"
09/10/2008,"1,235.97","1,243.90","1,221.60","1,232.04"
09/11/2008,"1,214.94","1,249.98","1,211.54","1,249.05"
09/12/2008,"1,238.77","1,255.09","1,233.81","1,251.70"
09/15/2008,"1,213.16","1,250.92","1,192.70","1,192.70"
09/16/2008,"1,169.28","1,214.84","1,169.28","1,213.59"
09/17/2008,"1,189.89","1,210.34","1,155.88","1,156.39"
09/18/2008,"1,178.20","1,211.14","1,133.50","1,206.51"
09/19/2008,"1,265.12","1,265.12","1,213.11","1,255.08"
09/22/2008,"1,245.87","1,255.37","1,205.61","1,207.09"
09/23/2008,"1,210.44","1,221.15","1,187.06","1,188.22"
09/24/2008,"1,187.46","1,197.41","1,179.79","1,185.87"
09/25/2008,"1,187.87","1,220.03","1,187.87","1,209.18"
09/26/2008,"1,187.54","1,215.77","1,187.54","1,213.01"
09/29/2008,"1,188.46","1,209.07","1,106.39","1,106.39"
09/30/2008,"1,135.00","1,168.03","1,113.78","1,166.36"
10/01/2008,"1,154.70","1,167.03","1,140.77","1,161.06"
10/02/2008,"1,150.85","1,160.64","1,111.43","1,114.28"
10/03/2008,"1,128.35","1,153.82","1,098.14","1,099.23"
10/06/2008,"1,065.59","1,097.56","1,007.97","1,056.89"
10/07/2008,"1,068.33","1,072.91",996.23,996.23
10/08/2008,966.16,"1,021.06",970.97,984.94
10/09/2008,998.22,"1,005.25",909.19,909.92
10/10/2008,866.33,936.36,839.80,899.22
10/13/2008,944.62,"1,006.93",912.75,"1,003.35"
10/14/2008,"1,049.69","1,044.31",972.07,998.01
10/15/2008,975.22,994.60,903.99,907.84
10/16/2008,912.04,947.71,865.83,946.43
10/17/2008,922.71,984.64,918.74,940.55
10/20/2008,954.92,985.40,943.51,985.40
10/21/2008,971.04,985.44,952.47,955.05
10/22/2008,931.62,951.67,875.81,896.78
10/23/2008,904.11,922.83,858.44,908.11
10/24/2008,852.85,896.30,852.85,876.77
10/27/2008,860.23,893.78,846.75,848.92
10/28/2008,873.12,940.51,845.27,940.51
10/29/2008,937.26,969.97,922.26,930.09
10/30/2008,958.09,963.23,928.50,954.09
10/31/2008,952.83,984.38,944.59,968.75
11/03/2008,968.24,975.57,958.82,966.30
11/04/2008,988.88,"1,007.51",971.31,"1,005.75"
11/05/2008,991.23,"1,001.84",949.86,952.77
11/06/2008,942.74,952.40,899.73,904.88
11/07/2008,914.67,931.46,906.90,930.99
11/10/2008,949.74,951.95,907.47,919.21
11/11/2008,905.50,917.15,884.90,898.95
11/12/2008,880.15,893.39,850.48,852.30
11/13/2008,857.06,913.01,818.69,911.29
11/14/2008,891.18,916.88,869.88,873.29
11/17/2008,862.09,882.29,848.98,850.75
11/18/2008,849.31,865.90,826.84,859.12
11/19/2008,857.68,864.57,806.18,806.58
11/20/2008,795.69,820.52,747.78,752.44
11/21/2008,763.45,801.20,741.02,800.03
11/24/2008,818.21,865.60,801.20,851.81
11/25/2008,868.48,868.94,834.99,857.39
11/26/2008,840.68,887.68,841.37,887.68
11/28/2008,883.43,896.25,881.21,896.24
12/01/2008,870.24,888.61,815.69,816.21
12/02/2008,831.73,850.54,817.94,848.81
12/03/2008,827.93,873.12,827.60,870.74
12/04/2008,855.96,875.60,833.60,845.22
12/05/2008,835.12,879.42,818.41,876.07
12/08/2008,898.02,918.57,882.71,909.70
12/09/2008,896.70,916.26,885.38,888.67
12/10/2008,897.20,908.27,885.45,899.24
12/11/2008,889.54,904.63,868.73,873.59
12/12/2008,871.79,883.24,851.35,879.73
12/15/2008,883.16,884.63,857.72,868.57
12/16/2008,875.40,914.66,871.53,913.18
12/17/2008,900.54,918.85,895.94,904.42
12/18/2008,907.96,911.02,877.44,885.28
12/19/2008,889.74,905.47,883.02,887.88
12/22/2008,888.33,887.37,857.09,871.63
12/23/2008,879.80,880.44,860.10,863.16
12/24/2008,863.73,869.79,861.44,868.15
12/26/2008,872.03,873.74,866.52,872.80
12/29/2008,873.76,873.76,857.07,869.42
12/30/2008,873.87,891.12,870.58,890.64
12/31/2008,890.22,910.32,889.67,903.25
01/02/2009,904.61,934.73,899.73,931.80
01/05/2009,929.17,936.63,919.53,927.45
01/06/2009,937.33,943.85,927.28,934.70
01/07/2009,917.87,927.45,902.37,906.65
01/08/2009,901.25,910.00,896.81,909.73
01/09/2009,910.92,911.93,888.31,890.35
01/12/2009,888.53,890.40,864.32,870.26
01/13/2009,867.39,877.02,862.02,871.79
01/14/2009,854.05,867.28,836.93,842.62
01/15/2009,840.45,851.59,817.04,843.74
01/16/2009,858.13,858.13,830.66,850.12
01/20/2009,841.91,849.64,804.47,805.22
01/21/2009,818.63,841.72,804.30,840.24
01/22/2009,820.40,839.74,811.29,827.50
01/23/2009,808.80,838.61,806.07,831.95
01/26/2009,834.57,852.53,827.69,836.57
01/27/2009,841.64,850.45,835.40,845.71
01/28/2009,863.81,877.86,845.73,874.09
01/29/2009,859.30,868.89,844.15,845.14
01/30/2009,849.08,851.66,821.67,825.88
02/02/2009,815.11,830.78,812.87,825.44
02/03/2009,830.42,842.60,821.98,838.51
02/04/2009,841.58,851.85,829.18,832.23
02/05/2009,826.10,850.55,819.91,845.85
02/06/2009,847.37,870.75,845.42,868.60
02/09/2009,868.17,875.01,861.65,869.89
02/10/2009,861.98,868.05,822.99,827.16
02/11/2009,833.36,838.22,822.30,833.74
02/12/2009,818.72,835.48,808.06,835.19
02/13/2009,832.90,839.43,825.21,826.84
02/17/2009,803.11,818.61,789.17,789.17
02/18/2009,793.83,796.17,780.43,788.42
02/19/2009,795.19,797.58,777.03,778.94
02/20/2009,768.20,778.69,754.25,770.05
02/23/2009,777.52,777.85,742.37,743.33
02/24/2009,746.51,775.49,744.69,773.14
02/25/2009,767.63,780.12,752.89,764.90
02/26/2009,775.23,779.42,751.75,752.83
02/27/2009,736.03,751.27,734.52,735.09
03/02/2009,719.75,729.57,699.70,700.82
03/03/2009,710.16,711.67,692.30,696.33
03/04/2009,708.76,724.12,698.60,712.87
03/05/2009,697.42,708.27,677.93,682.55
03/06/2009,688.18,699.09,666.79,683.38
03/09/2009,675.13,695.27,672.88,676.53
03/10/2009,691.44,719.60,679.28,719.60
03/11/2009,724.34,731.92,713.85,721.36
03/12/2009,720.62,752.63,714.76,750.74
03/13/2009,755.39,758.29,742.46,756.55
03/16/2009,764.50,774.53,753.37,753.89
03/17/2009,754.84,778.12,749.93,778.12
03/18/2009,772.08,803.04,765.64,794.35
03/19/2009,804.87,803.24,781.82,784.04
03/20/2009,789.40,788.91,766.20,768.54
03/23/2009,789.14,823.37,772.31,822.92
03/24/2009,820.60,823.65,805.48,806.12
03/25/2009,811.83,826.78,791.37,813.88
03/26/2009,822.53,832.98,814.06,832.86
03/27/2009,819.52,828.68,813.43,815.94
03/30/2009,797.29,809.07,779.81,787.53
03/31/2009,795.83,810.48,790.88,797.87
04/01/2009,785.01,813.62,783.32,811.08
04/02/2009,830.66,845.61,814.53,834.38
04/03/2009,835.67,842.50,826.70,842.50
04/06/2009,832.49,839.75,822.79,835.48
04/07/2009,834.12,834.12,814.53,815.55
04/08/2009,819.48,828.42,814.84,825.16
04/09/2009,845.37,856.91,829.29,856.56
04/13/2009,847.32,864.31,845.35,858.73
04/14/2009,849.79,856.88,840.25,841.50
04/15/2009,837.66,852.93,835.58,852.06
04/16/2009,858.72,870.35,847.04,865.30
04/17/2009,870.59,875.63,860.87,869.60
04/20/2009,854.15,868.27,832.39,832.39
04/21/2009,827.46,850.09,826.83,850.08
04/22/2009,841.58,861.78,840.57,843.55
04/23/2009,847.15,852.87,835.45,851.92
04/24/2009,859.45,871.80,853.91,866.23
04/27/2009,854.65,868.83,854.65,857.51
04/28/2009,847.89,864.48,847.12,855.16
04/29/2009,862.17,882.06,856.85,873.64
04/30/2009,882.91,888.70,868.51,872.81
05/01/2009,873.00,880.48,866.10,877.52
05/04/2009,885.58,907.85,879.21,907.24
05/05/2009,904.86,907.70,897.34,903.80
05/06/2009,914.48,920.28,903.95,919.53
05/07/2009,929.41,929.58,901.36,907.39
05/08/2009,919.22,930.17,909.03,929.23
05/11/2009,913.36,922.90,908.68,909.24
05/12/2009,914.30,915.57,896.46,908.35
05/13/2009,894.27,905.40,882.80,883.92
05/14/2009,884.77,898.36,882.52,893.07
05/15/2009,891.06,896.97,878.94,882.88
05/18/2009,893.68,910.00,886.07,909.71
05/19/2009,909.03,916.39,905.22,908.13
05/20/2009,917.00,924.60,901.37,903.47
05/21/2009,892.02,900.42,879.61,888.33
05/22/2009,890.65,896.65,883.75,887.00
05/26/2009,880.24,911.76,881.46,910.33
05/27/2009,911.02,913.84,891.87,893.06
05/28/2009,899.68,909.45,887.60,906.83
05/29/2009,911.62,920.02,903.56,919.14
06/01/2009,932.42,947.77,923.26,942.87
06/02/2009,939.87,949.38,938.46,944.74
06/03/2009,936.55,942.51,923.85,931.76
06/04/2009,935.89,942.47,929.32,942.46
06/05/2009,951.97,951.69,934.13,940.09
06/08/2009,934.27,946.33,926.44,939.14
06/09/2009,943.38,946.92,936.15,942.43
06/10/2009,942.73,949.77,927.97,939.15
06/11/2009,941.17,956.23,939.04,944.89
06/12/2009,939.25,946.30,935.66,946.21
06/15/2009,934.87,942.45,919.65,923.72
06/16/2009,927.58,928.00,911.60,911.97
06/17/2009,911.13,918.44,903.78,910.71
06/18/2009,911.73,921.93,907.94,918.37
06/19/2009,926.15,927.09,915.80,921.23
06/22/2009,910.36,918.13,893.04,893.04
06/23/2009,895.12,898.69,888.86,895.10
06/24/2009,901.60,910.85,896.31,900.94
06/25/2009,897.59,921.42,896.27,920.26
06/26/2009,916.00,922.00,913.03,918.90
06/29/2009,916.00,927.99,916.18,927.23
06/30/2009,926.79,930.01,912.86,919.32
07/01/2009,925.03,931.92,920.82,923.33
07/02/2009,911.83,921.24,896.42,896.42
07/06/2009,889.38,898.72,886.36,898.72
07/07/2009,896.94,898.60,879.93,881.03
07/08/2009,884.68,886.80,869.32,879.56
07/09/2009,885.31,887.86,878.45,882.68
07/10/2009,876.06,883.57,872.81,879.13
07/13/2009,881.64,901.05,875.32,901.05
07/14/2009,901.82,905.84,896.50,905.84
07/15/2009,917.63,933.95,910.15,932.68
07/16/2009,929.50,943.96,927.45,940.74
07/17/2009,940.03,941.89,934.65,940.38
07/20/2009,945.10,951.62,940.99,951.13
07/21/2009,957.44,956.53,943.22,954.58
07/22/2009,948.34,959.83,947.75,954.07
07/23/2009,955.35,979.42,953.27,976.29
07/24/2009,971.56,979.79,965.95,979.26
07/27/2009,978.09,982.49,972.29,982.18
07/28/2009,975.18,982.35,969.35,979.62
07/29/2009,972.44,977.76,968.65,975.15
07/30/2009,987.82,996.68,976.01,986.75
07/31/2009,985.70,993.18,982.85,987.48
08/03/2009,998.22,"1,003.61",990.22,"1,002.63"
08/04/2009,998.16,"1,007.12",996.68,"1,005.65"
08/05/2009,"1,006.11","1,006.64",994.31,"1,002.72"
08/06/2009,"1,006.73","1,008.00",992.49,997.08
08/07/2009,"1,007.28","1,018.00",999.83,"1,010.48"
08/10/2009,"1,004.80","1,010.12","1,000.99","1,007.10"
08/11/2009,"1,001.90","1,005.77",992.40,994.35
08/12/2009,993.36,"1,012.78",993.36,"1,005.81"
08/13/2009,"1,008.93","1,012.78",993.36,"1,012.73"
08/14/2009,"1,012.55","1,012.60",994.60,"1,004.09"
08/17/2009,985.21,998.18,978.51,979.73
08/18/2009,982.68,991.20,980.62,989.67
08/19/2009,979.01,999.61,980.62,996.46
08/20/2009,997.39,"1,008.92",996.39,"1,007.37"
08/21/2009,"1,020.85","1,027.59","1,009.06","1,026.13"
08/24/2009,"1,030.69","1,035.82","1,022.48","1,025.57"
08/25/2009,"1,030.52","1,037.75","1,026.21","1,028.00"
08/26/2009,"1,024.73","1,032.47","1,021.57","1,028.12"
08/27/2009,"1,026.23","1,033.33","1,016.20","1,030.98"
08/28/2009,"1,037.81","1,039.47","1,023.13","1,028.93"
08/31/2009,"1,019.42","1,025.21","1,014.62","1,020.62"
09/01/2009,"1,015.88","1,028.45",996.28,998.04
09/02/2009,993.53,"1,000.34",991.97,994.75
09/03/2009,999.73,"1,003.43",992.25,"1,003.24"
09/04/2009,"1,004.45","1,016.48","1,001.65","1,016.40"
09/08/2009,"1,024.75","1,026.07","1,018.67","1,025.39"
09/09/2009,"1,026.82","1,036.34","1,023.97","1,033.37"
09/10/2009,"1,033.77","1,044.14","1,028.04","1,044.14"
09/11/2009,"1,045.62","1,048.18","1,038.40","1,042.73"
09/14/2009,"1,035.00","1,049.74","1,035.00","1,049.34"
09/15/2009,"1,049.71","1,056.04","1,043.42","1,052.63"
09/16/2009,"1,057.21","1,068.76","1,052.87","1,068.76"
09/17/2009,"1,066.62","1,074.77","1,061.20","1,065.49"
09/18/2009,"1,071.52","1,071.52","1,064.27","1,068.30"
09/21/2009,"1,060.03","1,067.28","1,057.46","1,064.66"
09/22/2009,"1,070.66","1,073.81","1,066.35","1,071.66"
09/23/2009,"1,073.54","1,080.15","1,060.39","1,060.87"
09/24/2009,"1,064.03","1,066.29","1,045.85","1,050.78"
09/25/2009,"1,047.78","1,053.47","1,041.17","1,044.38"
09/28/2009,"1,049.36","1,065.13","1,045.38","1,062.98"
09/29/2009,"1,064.87","1,069.62","1,057.83","1,060.61"
09/30/2009,"1,062.76","1,063.40","1,046.47","1,057.08"
10/01/2009,"1,052.80","1,054.91","1,029.45","1,029.85"
10/02/2009,"1,020.49","1,030.60","1,019.95","1,025.21"
10/05/2009,"1,029.67","1,042.58","1,025.92","1,040.46"
10/06/2009,"1,047.85","1,060.55","1,042.02","1,054.72"
10/07/2009,"1,051.92","1,058.02","1,050.10","1,057.58"
10/08/2009,"1,064.77","1,070.67","1,060.03","1,065.48"
10/09/2009,"1,065.25","1,071.51","1,063.00","1,071.49"
10/12/2009,"1,076.27","1,079.46","1,071.63","1,076.19"
10/13/2009,"1,072.58","1,075.30","1,066.71","1,073.19"
10/14/2009,"1,086.31","1,093.17","1,078.68","1,092.02"
10/15/2009,"1,087.30","1,096.56","1,086.41","1,096.56"
10/16/2009,"1,087.50","1,094.67","1,081.53","1,087.68"
10/19/2009,"1,090.58","1,100.17","1,086.48","1,097.91"
10/20/2009,"1,097.65","1,098.64","1,086.16","1,091.06"
10/21/2009,"1,089.16","1,101.36","1,080.77","1,081.40"
10/22/2009,"1,080.77","1,095.21","1,074.31","1,092.91"
10/23/2009,"1,095.68","1,095.83","1,075.49","1,079.60"
10/26/2009,"1,080.95","1,091.75","1,065.23","1,066.95"
10/27/2009,"1,069.21","1,072.48","1,060.62","1,063.41"
10/28/2009,"1,059.42","1,063.26","1,042.19","1,042.63"
10/29/2009,"1,050.78","1,066.83","1,043.69","1,066.11"
10/30/2009,"1,061.28","1,065.41","1,033.38","1,036.19"
11/02/2009,"1,040.80","1,052.18","1,029.38","1,042.88"
11/03/2009,"1,036.10","1,046.36","1,033.94","1,045.41"
11/04/2009,"1,053.74","1,061.00","1,045.15","1,046.50"
11/05/2009,"1,054.50","1,066.65","1,047.30","1,066.63"
11/06/2009,"1,060.29","1,071.48","1,059.32","1,069.30"
11/09/2009,"1,076.84","1,093.19","1,072.31","1,093.08"
11/10/2009,"1,091.86","1,096.42","1,087.40","1,093.01"
11/11/2009,"1,096.04","1,105.37","1,093.81","1,098.51"
11/12/2009,"1,098.31","1,107.97","1,084.90","1,087.24"
11/13/2009,"1,087.59","1,097.79","1,085.33","1,093.48"
11/16/2009,"1,094.13","1,113.69","1,094.13","1,109.30"
11/17/2009,"1,109.22","1,110.52","1,102.19","1,110.32"
11/18/2009,"1,109.44","1,111.10","1,102.70","1,109.80"
11/19/2009,"1,106.44","1,106.44","1,088.40","1,094.90"
11/20/2009,"1,094.66","1,094.66","1,086.81","1,091.38"
11/23/2009,"1,094.86","1,112.38","1,094.86","1,106.24"
11/24/2009,"1,105.83","1,107.56","1,097.63","1,105.65"
11/25/2009,"1,106.49","1,111.18","1,104.75","1,110.63"
11/27/2009,"1,105.47","1,105.47","1,083.74","1,091.49"
11/30/2009,"1,091.07","1,097.24","1,086.25","1,095.63"
12/01/2009,"1,098.89","1,112.28","1,098.89","1,108.86"
12/02/2009,"1,109.03","1,115.58","1,105.29","1,109.24"
12/03/2009,"1,110.59","1,117.28","1,098.74","1,099.92"
12/04/2009,"1,100.43","1,119.13","1,096.52","1,105.98"
12/07/2009,"1,105.52","1,110.72","1,100.83","1,103.25"
12/08/2009,"1,103.04","1,103.04","1,088.61","1,091.94"
12/09/2009,"1,091.07","1,097.04","1,085.89","1,095.95"
12/10/2009,"1,098.69","1,106.25","1,098.69","1,102.35"
12/11/2009,"1,103.96","1,108.50","1,101.34","1,106.41"
12/14/2009,"1,107.84","1,114.76","1,107.84","1,114.11"
12/15/2009,"1,114.11","1,114.11","1,105.35","1,107.93"
12/16/2009,"1,108.61","1,116.21","1,107.96","1,109.18"
12/17/2009,"1,106.36","1,106.36","1,095.88","1,096.08"
12/18/2009,"1,097.86","1,103.74","1,093.88","1,102.47"
12/21/2009,"1,105.31","1,117.68","1,105.31","1,114.05"
12/22/2009,"1,114.51","1,120.27","1,114.51","1,118.02"
12/23/2009,"1,118.84","1,121.58","1,116.00","1,120.59"
12/24/2009,"1,121.08","1,126.48","1,121.08","1,126.48"
12/28/2009,"1,127.53","1,130.38","1,123.51","1,127.78"
12/29/2009,"1,128.55","1,130.38","1,126.08","1,126.20"
12/30/2009,"1,125.53","1,126.42","1,121.94","1,126.42"
12/31/2009,"1,126.60","1,127.64","1,114.81","1,115.10"
