Date,Open,High,Low,Close,Volume
01/03/2006,26.85,27.31,26.67,27.13,"1,520,214"
01/04/2006,27.40,28.05,27.31,27.96,"3,931,480"
01/05/2006,27.77,27.87,27.59,27.87,"1,354,793"
01/06/2006,27.87,28.42,27.59,28.24,"1,878,221"
01/09/2006,28.33,28.97,28.14,28.14,"2,803,665"
01/10/2006,27.96,28.33,27.87,28.05,"1,351,245"
01/11/2006,28.05,28.88,28.05,28.88,"1,824,557"
01/12/2006,28.70,29.07,28.60,29.07,"1,260,470"
01/13/2006,28.88,29.07,28.70,28.88,"1,524,041"
01/16/2006,28.70,29.53,28.60,29.53,"1,170,817"
01/17/2006,29.16,29.53,29.07,29.43,"1,003,573"
01/18/2006,28.88,29.07,28.70,28.88,"1,135,453"
01/19/2006,28.88,29.99,28.88,29.71,"1,699,043"
01/20/2006,29.16,29.71,29.16,29.43,"835,215"
01/23/2006,29.07,29.62,28.79,29.53,"917,530"
01/24/2006,29.53,29.53,28.97,28.97,"861,727"
01/25/2006,29.53,30.27,29.25,30.27,"2,956,868"
01/26/2006,30.36,30.36,29.71,29.90,"1,172,528"
01/27/2006,29.90,30.63,29.80,30.54,"2,548,933"
01/30/2006,30.27,30.45,30.08,30.45,"673,016"
01/31/2006,30.45,30.45,29.16,29.16,"1,027,365"
02/01/2006,29.07,29.99,28.79,29.99,"703,223"
02/02/2006,30.08,30.36,29.71,29.90,"857,026"
02/03/2006,29.62,30.36,28.88,28.88,"1,200,326"
02/06/2006,29.16,30.36,29.16,30.36,"709,824"
02/07/2006,29.99,30.27,29.71,30.17,"579,993"
02/08/2006,29.99,30.36,29.80,30.27,"717,478"
02/09/2006,30.27,30.63,30.17,30.36,"903,107"
02/10/2006,30.08,30.36,29.99,30.17,"628,170"
02/13/2006,30.08,30.36,29.99,30.08,"683,782"
02/14/2006,30.08,30.27,29.90,30.08,"1,058,235"
02/15/2006,29.99,30.36,29.99,30.36,"762,991"
02/16/2006,30.17,30.17,29.34,29.80,"1,037,314"
02/17/2006,29.90,30.91,29.71,30.82,"1,669,123"
02/20/2006,30.73,31.37,30.54,31.37,"1,121,841"
02/21/2006,31.19,31.74,30.91,31.74,"1,103,767"
02/22/2006,31.65,31.65,31.10,31.28,"817,609"
02/23/2006,31.19,31.56,31.10,31.56,"753,633"
02/24/2006,31.37,32.20,31.37,32.20,"747,540"
02/27/2006,32.20,32.76,32.02,32.11,"1,045,647"
02/28/2006,32.02,32.76,31.19,31.93,"1,311,547"
03/01/2006,32.02,32.66,31.65,32.48,"1,057,749"
03/02/2006,32.39,33.03,32.39,33.03,"959,612"
03/03/2006,33.13,33.13,32.39,32.94,"919,114"
03/06/2006,32.57,33.13,32.48,33.13,"1,009,626"
03/07/2006,32.76,32.85,31.56,32.30,"1,504,029"
03/08/2006,32.20,32.30,31.46,31.65,"1,063,406"
03/09/2006,31.65,32.11,31.46,31.65,"786,456"
03/10/2006,31.56,31.74,30.82,31.28,"1,561,686"
03/13/2006,31.28,31.46,30.63,31.10,"676,626"
03/14/2006,30.73,30.91,29.99,29.99,"1,086,072"
03/15/2006,30.63,31.10,30.54,30.82,"742,542"
03/16/2006,30.91,31.83,30.91,31.83,"854,480"
03/17/2006,32.11,32.76,31.83,32.48,"2,205,190"
03/20/2006,32.30,32.39,31.56,31.65,"490,716"
03/21/2006,31.93,32.02,31.37,31.37,"759,876"
03/22/2006,31.28,31.37,30.73,30.91,"1,250,596"
03/23/2006,31.19,31.74,31.10,31.65,"740,936"
03/24/2006,31.83,32.30,31.74,32.11,"547,862"
03/27/2006,32.11,32.20,31.65,32.20,"417,525"
03/28/2006,32.11,32.20,31.46,31.46,"306,863"
03/29/2006,30.91,31.37,30.36,31.28,"610,316"
03/30/2006,31.56,31.93,31.28,31.46,"841,349"
03/31/2006,31.37,32.02,31.37,32.02,"630,777"
04/03/2006,31.83,32.76,31.83,32.66,"781,308"
04/04/2006,32.48,32.57,31.93,32.39,"941,395"
04/05/2006,32.30,32.57,31.46,31.56,"770,601"
04/06/2006,31.83,32.02,31.46,31.93,"1,154,408"
04/07/2006,31.93,32.76,31.93,32.39,"1,190,135"
04/10/2006,32.39,32.66,32.02,32.66,"777,802"
04/11/2006,32.30,32.48,32.02,32.39,"543,776"
04/12/2006,32.30,32.66,32.11,32.66,"244,161"
04/13/2006,32.66,33.13,32.30,32.39,"859,020"
04/18/2006,32.57,33.49,32.48,33.22,"979,798"
04/19/2006,33.49,33.96,33.22,33.96,"736,245"
04/20/2006,33.86,35.89,33.68,35.80,"1,163,232"
04/21/2006,35.43,37.28,35.34,36.91,"1,543,367"
04/24/2006,35.89,38.02,35.89,37.46,"2,133,347"
04/25/2006,37.00,37.28,36.45,36.63,"1,063,822"
04/26/2006,36.54,36.72,36.08,36.45,"1,839,061"
04/27/2006,36.45,36.63,34.79,35.25,"1,630,986"
04/28/2006,34.79,35.71,34.42,35.62,"1,300,935"
05/02/2006,35.34,35.62,34.88,34.97,"2,039,696"
05/04/2006,35.43,35.71,35.06,35.52,"1,791,240"
05/05/2006,35.89,35.99,35.16,35.80,"1,075,236"
05/08/2006,35.62,35.89,35.34,35.62,"1,128,934"
05/09/2006,35.52,35.71,35.16,35.43,"1,062,248"
05/10/2006,35.16,35.62,35.16,35.52,"787,088"
05/11/2006,35.62,36.63,35.52,36.45,"1,773,543"
05/12/2006,35.89,36.36,35.80,36.36,"887,024"
05/15/2006,35.89,35.99,34.97,35.52,"644,970"
05/16/2006,35.06,35.80,34.97,35.34,"1,230,357"
05/17/2006,35.34,35.52,33.77,33.77,"1,132,597"
05/18/2006,33.59,34.42,33.49,33.86,"1,290,851"
05/19/2006,34.14,34.60,33.77,34.33,"2,155,283"
05/22/2006,33.86,34.42,33.03,33.13,"1,948,828"
05/23/2006,32.85,33.77,32.11,33.13,"2,993,230"
05/24/2006,33.03,33.40,31.83,32.02,"2,211,952"
05/25/2006,31.83,32.85,30.91,32.30,"1,986,270"
05/26/2006,32.76,33.13,32.02,32.02,"1,197,148"
05/29/2006,32.30,32.94,31.74,31.83,"498,365"
05/30/2006,31.56,32.02,31.37,31.56,"407,944"
05/31/2006,31.19,32.39,30.91,32.11,"1,428,146"
06/01/2006,32.48,33.31,32.30,33.22,"1,240,866"
06/02/2006,33.49,34.79,33.31,34.51,"1,106,371"
06/05/2006,34.23,34.88,33.96,34.60,"694,313"
06/06/2006,33.86,34.33,33.22,33.22,"526,701"
06/07/2006,33.40,33.86,32.85,33.22,"1,308,623"
06/08/2006,32.48,33.22,32.11,32.76,"2,019,965"
06/09/2006,32.85,33.22,32.20,32.57,"1,849,204"
06/12/2006,32.20,32.20,31.19,32.02,"2,054,575"
06/13/2006,30.36,31.37,29.43,30.91,"2,313,488"
06/14/2006,30.27,31.19,29.80,30.45,"1,814,203"
06/16/2006,30.91,31.83,29.16,29.16,"2,066,337"
06/19/2006,30.45,30.73,30.08,30.73,"1,594,472"
06/20/2006,30.08,31.19,30.08,30.54,"1,693,611"
06/21/2006,30.82,31.65,30.63,31.56,"1,585,945"
06/22/2006,32.11,32.39,31.19,31.19,"1,336,117"
06/23/2006,31.28,31.46,30.63,31.46,"473,061"
06/26/2006,31.00,31.74,31.00,31.56,"413,579"
06/27/2006,31.56,34.51,31.37,34.14,"3,410,218"
06/28/2006,31.83,34.14,31.83,33.96,"1,856,895"
06/29/2006,34.05,34.42,33.49,33.59,"838,683"
06/30/2006,34.42,34.88,33.59,34.14,"1,933,283"
07/03/2006,33.77,34.33,33.40,34.14,"928,862"
07/04/2006,33.77,34.23,33.77,34.23,"1,263,659"
07/05/2006,34.14,34.60,33.77,34.33,"1,019,983"
07/06/2006,33.96,34.88,33.59,34.79,"1,142,613"
07/07/2006,34.51,35.25,34.33,35.06,"974,619"
07/10/2006,34.42,35.71,34.42,35.52,"1,754,318"
07/11/2006,35.25,35.52,34.97,34.97,"1,163,770"
07/12/2006,35.25,35.80,34.51,34.88,"779,855"
07/13/2006,34.51,35.06,33.68,33.96,"484,267"
07/14/2006,33.40,34.23,33.31,33.68,"518,419"
07/17/2006,33.68,33.96,33.13,33.13,"658,881"
07/18/2006,33.31,34.14,33.22,33.59,"524,395"
07/19/2006,33.68,34.14,33.59,33.86,"480,098"
07/20/2006,34.60,36.26,34.60,35.99,"1,491,913"
07/21/2006,35.71,36.26,35.52,35.62,"716,466"
07/24/2006,35.16,36.08,35.16,35.99,"472,662"
07/25/2006,35.80,36.63,35.62,35.99,"824,494"
07/26/2006,35.99,36.26,35.62,36.17,"747,062"
07/27/2006,36.45,37.00,36.36,36.91,"1,474,878"
07/28/2006,36.63,37.46,36.54,37.46,"894,033"
07/31/2006,37.46,38.02,37.09,37.65,"805,527"
08/01/2006,37.65,37.83,36.72,36.91,"835,953"
08/02/2006,36.54,36.63,35.89,36.54,"612,148"
08/03/2006,36.08,36.26,34.60,35.06,"1,256,061"
08/04/2006,34.97,35.80,34.60,35.71,"1,303,677"
08/07/2006,35.62,35.62,34.51,35.43,"643,389"
08/08/2006,35.06,35.43,34.79,35.43,"622,281"
08/09/2006,35.62,36.26,35.16,36.17,"1,222,460"
08/10/2006,36.17,36.17,35.06,35.25,"709,542"
08/11/2006,35.52,35.52,34.05,34.14,"2,510,079"
08/14/2006,34.33,34.88,34.33,34.69,"668,192"
08/16/2006,35.25,35.71,35.25,35.52,"1,077,287"
08/17/2006,35.71,35.71,34.42,34.69,"701,048"
08/18/2006,34.60,35.06,34.33,34.60,"698,683"
08/21/2006,34.33,34.79,34.23,34.33,"635,644"
08/22/2006,34.79,34.79,34.42,34.69,"489,867"
08/23/2006,34.51,34.79,34.14,34.79,"430,538"
08/24/2006,34.42,34.60,33.68,33.86,"558,988"
08/25/2006,34.14,34.23,33.31,33.68,"731,813"
08/28/2006,33.31,33.68,33.22,33.31,"525,747"
08/29/2006,33.40,34.69,33.40,34.51,"581,297"
08/30/2006,34.60,35.06,34.23,34.42,"1,534,278"
08/31/2006,34.79,34.97,34.05,34.23,"886,895"
09/01/2006,34.25,34.60,33.96,33.96,"297,304"
09/04/2006,34.60,35.43,34.15,35.13,"1,302,528"
09/05/2006,34.88,35.42,34.69,35.25,"783,355"
09/06/2006,35.43,35.43,34.51,35.06,"586,906"
09/07/2006,34.23,35.05,34.19,34.97,"638,047"
09/08/2006,34.79,35.06,34.14,34.96,"429,073"
09/11/2006,34.23,35.04,34.06,34.79,"457,315"
09/12/2006,34.79,35.25,34.33,35.25,"859,238"
09/13/2006,35.35,36.72,35.35,36.26,"2,491,372"
09/14/2006,36.17,36.17,35.27,35.52,"910,206"
09/15/2006,35.06,35.98,34.74,35.98,"625,256"
09/18/2006,35.99,36.17,35.43,35.98,"549,769"
09/19/2006,35.52,35.89,34.97,35.25,"439,374"
09/20/2006,34.85,35.25,34.72,34.79,"2,682,164"
09/21/2006,34.70,35.33,34.33,34.33,"734,184"
09/22/2006,33.96,34.32,33.24,33.93,"1,018,169"
09/25/2006,34.23,34.87,34.23,34.87,"256,161"
09/26/2006,34.87,35.06,34.23,34.79,"326,800"
09/27/2006,35.05,35.05,33.93,34.60,"428,927"
09/28/2006,33.96,34.60,33.96,34.60,"809,834"
09/29/2006,34.60,34.69,33.59,33.69,"999,916"
10/02/2006,34.05,34.05,32.67,33.36,"740,739"
10/03/2006,33.38,33.52,32.94,33.00,"464,497"
10/04/2006,33.00,34.06,32.94,33.99,"586,205"
10/05/2006,34.65,34.95,34.60,34.94,"645,612"
10/06/2006,34.61,35.16,34.60,35.06,"387,362"
10/09/2006,34.65,35.06,34.65,35.06,"421,310"
10/10/2006,35.16,36.46,35.06,35.98,"2,574,520"
10/11/2006,36.17,36.26,35.80,36.20,"1,418,177"
10/12/2006,35.99,36.54,35.99,36.54,"1,295,921"
10/13/2006,36.63,36.73,36.17,36.61,"1,573,070"
10/16/2006,36.17,36.91,36.17,36.74,"1,087,762"
10/17/2006,36.36,36.45,35.16,35.25,"552,573"
10/18/2006,35.06,36.77,34.97,36.63,"1,026,726"
10/19/2006,35.62,36.88,35.62,36.83,"887,368"
10/20/2006,36.77,36.91,35.99,36.45,"931,420"
10/23/2006,35.99,36.17,35.55,36.17,"428,703"
10/24/2006,35.85,35.98,35.43,35.52,"441,374"
10/25/2006,35.30,35.99,35.25,35.99,"822,178"
10/26/2006,36.16,36.16,35.67,35.90,"617,120"
10/27/2006,35.70,36.12,34.60,35.07,"1,282,951"
10/30/2006,34.60,35.11,34.33,35.06,"1,093,487"
10/31/2006,35.52,35.70,34.80,35.29,"3,185,644"
11/02/2006,35.06,35.68,34.97,35.25,"2,617,317"
11/03/2006,35.07,36.91,35.07,36.91,"3,197,772"
11/06/2006,36.46,37.09,36.26,36.72,"8,618,716"
11/07/2006,36.72,39.03,36.72,38.71,"6,187,094"
11/08/2006,37.83,38.66,37.72,38.66,"3,271,243"
11/09/2006,38.66,40.07,38.57,38.57,"3,447,646"
11/10/2006,37.92,38.43,37.92,38.02,"963,713"
11/13/2006,37.46,38.74,37.46,38.74,"1,290,625"
11/14/2006,38.11,38.95,38.11,38.65,"1,184,318"
11/15/2006,38.39,38.71,37.00,37.79,"2,610,315"
11/16/2006,37.79,38.29,37.38,38.29,"1,458,145"
11/17/2006,37.82,38.15,37.74,38.15,"789,201"
11/20/2006,37.83,38.10,37.09,37.83,"2,590,517"
11/21/2006,37.83,38.07,37.74,38.07,"722,715"
11/22/2006,38.11,39.63,38.11,39.41,"4,221,217"
11/23/2006,38.80,39.55,38.80,39.46,"1,452,145"
11/24/2006,39.22,39.22,38.77,38.91,"1,150,383"
11/27/2006,38.86,39.66,38.86,39.58,"1,740,685"
11/28/2006,38.75,39.58,38.49,39.40,"1,423,234"
11/29/2006,39.40,39.68,39.26,39.68,"912,197"
11/30/2006,39.49,39.62,39.12,39.53,"1,434,504"
12/01/2006,39.57,39.86,39.03,39.03,"1,526,621"
12/04/2006,39.22,42.17,39.22,42.17,"2,635,833"
12/05/2006,41.97,44.20,41.97,43.64,"1,846,867"
12/06/2006,43.92,44.20,42.26,42.43,"994,958"
12/07/2006,42.45,43.64,42.45,43.64,"764,097"
12/08/2006,43.18,44.75,43.00,44.75,"944,898"
12/11/2006,44.31,44.43,43.74,44.32,"1,221,819"
12/12/2006,44.29,44.38,43.37,43.37,"1,216,662"
12/13/2006,43.00,45.39,43.00,44.75,"1,996,875"
12/14/2006,44.75,44.94,43.54,44.29,"2,960,358"
12/15/2006,43.92,44.28,42.08,43.85,"2,015,610"
12/18/2006,43.64,43.85,43.20,43.85,"2,024,205"
12/19/2006,43.28,44.00,42.45,42.45,"1,264,442"
12/20/2006,43.28,43.51,42.26,42.99,"1,669,305"
12/21/2006,42.91,43.55,42.91,43.46,"676,309"
12/22/2006,43.00,43.74,42.72,43.37,"422,480"
12/27/2006,43.36,44.75,43.03,44.75,"527,198"
12/28/2006,44.33,44.57,43.83,44.29,"617,540"
12/29/2006,43.91,44.01,43.28,43.37,"1,490,307"
01/02/2007,42.91,44.57,42.87,44.29,"1,152,983"
01/03/2007,43.83,44.54,43.83,44.47,"528,377"
01/04/2007,43.46,44.24,43.39,43.92,"688,521"
01/05/2007,43.40,43.64,42.45,42.45,"907,676"
01/08/2007,42.10,42.45,41.57,42.33,"731,922"
01/09/2007,42.45,43.00,41.71,42.24,"1,648,330"
01/10/2007,41.53,41.89,40.83,41.10,"2,275,232"
01/11/2007,41.34,41.70,40.61,41.47,"4,231,269"
01/12/2007,41.52,41.98,41.51,41.66,"2,674,305"
01/15/2007,41.75,42.00,41.61,42.00,"2,136,059"
01/16/2007,42.00,42.58,41.73,42.50,"2,383,973"
01/17/2007,42.45,42.72,42.26,42.72,"3,008,845"
01/18/2007,43.37,44.89,43.37,44.56,"2,638,460"
01/19/2007,43.85,45.67,43.85,45.03,"1,517,485"
01/22/2007,45.21,45.81,43.83,43.83,"1,630,718"
01/23/2007,43.38,44.56,43.18,44.33,"943,416"
01/24/2007,44.29,44.80,44.29,44.47,"628,556"
01/25/2007,44.36,45.25,43.18,43.39,"1,376,801"
01/26/2007,43.37,43.80,42.68,43.41,"625,455"
01/29/2007,43.41,44.11,43.41,43.83,"872,213"
01/30/2007,43.83,44.05,43.18,44.05,"629,222"
01/31/2007,43.84,45.67,43.84,45.67,"2,285,734"
02/01/2007,45.67,45.67,45.22,45.31,"2,327,059"
02/02/2007,44.75,44.84,43.83,44.36,"2,498,378"
02/05/2007,44.29,44.84,44.29,44.71,"780,941"
02/06/2007,44.30,44.83,43.83,44.12,"5,537,290"
02/07/2007,44.07,45.03,44.07,44.75,"2,273,199"
02/08/2007,43.88,44.52,43.74,43.92,"1,024,890"
02/09/2007,43.92,44.52,43.91,44.47,"860,244"
02/12/2007,43.84,44.38,43.84,44.00,"1,725,618"
02/13/2007,44.02,44.25,43.98,44.01,"795,060"
02/14/2007,44.11,44.55,44.06,44.55,"1,545,169"
02/15/2007,44.66,45.02,44.25,44.29,"1,113,311"
02/16/2007,44.11,44.15,43.32,43.37,"1,288,339"
02/19/2007,43.38,44.27,43.38,44.01,"668,643"
02/20/2007,43.74,44.01,43.38,43.64,"1,208,029"
02/21/2007,43.55,44.80,43.55,44.80,"1,182,853"
02/22/2007,44.89,45.40,44.84,45.40,"1,259,060"
02/23/2007,44.75,45.07,44.15,45.07,"1,271,047"
02/26/2007,45.02,45.07,44.15,44.20,"907,340"
02/27/2007,43.83,43.88,40.88,41.61,"3,265,715"
02/28/2007,41.34,42.62,40.92,41.06,"4,724,411"
03/01/2007,41.52,41.78,40.18,40.42,"3,313,152"
03/02/2007,40.43,41.80,40.43,41.61,"1,409,462"
03/05/2007,40.42,40.57,39.22,40.20,"2,478,175"
03/06/2007,40.28,41.71,40.28,40.60,"1,462,993"
03/07/2007,40.70,41.23,39.35,39.35,"1,681,020"
03/08/2007,40.13,40.88,39.95,40.81,"1,048,697"
03/09/2007,40.89,41.57,40.14,40.88,"1,864,368"
03/12/2007,41.29,41.73,40.88,40.88,"1,193,001"
03/13/2007,40.78,41.06,39.92,40.26,"1,018,096"
03/14/2007,39.67,41.43,39.40,41.43,"1,697,514"
03/15/2007,41.29,41.61,40.88,41.15,"1,662,706"
03/16/2007,41.14,41.56,40.65,41.06,"1,515,713"
03/19/2007,41.43,42.44,41.08,42.44,"928,026"
03/20/2007,42.03,42.40,41.64,41.85,"839,364"
03/21/2007,41.71,43.83,41.66,43.83,"2,571,573"
03/22/2007,44.84,45.21,44.47,44.48,"3,359,289"
03/23/2007,44.29,44.48,44.01,44.29,"810,259"
03/26/2007,44.11,44.29,43.23,43.37,"1,276,552"
03/27/2007,43.52,43.83,43.44,43.69,"997,716"
03/28/2007,43.37,43.46,42.96,42.96,"2,413,761"
03/29/2007,43.00,44.47,42.98,44.38,"1,102,837"
03/30/2007,44.39,44.94,44.38,44.49,"1,636,123"
04/02/2007,43.38,44.29,43.38,43.38,"459,433"
04/03/2007,43.47,44.10,43.02,44.10,"990,636"
04/04/2007,44.15,44.29,43.65,44.10,"1,043,760"
04/05/2007,43.83,44.20,43.39,44.20,"803,834"
04/10/2007,43.65,44.29,43.49,44.15,"1,505,775"
04/11/2007,43.64,44.47,43.64,44.28,"1,383,029"
04/12/2007,43.65,44.11,43.41,43.68,"1,442,287"
04/13/2007,43.92,44.28,43.29,43.55,"1,760,292"
04/16/2007,43.90,44.01,43.43,44.01,"1,882,955"
04/17/2007,43.83,44.01,43.64,44.01,"1,525,322"
04/18/2007,43.49,44.23,43.49,43.92,"1,083,010"
04/19/2007,43.46,44.11,43.41,44.11,"527,889"
04/20/2007,44.11,45.02,43.87,44.97,"1,854,615"
04/23/2007,44.80,45.38,44.41,45.21,"1,562,349"
04/24/2007,45.21,45.21,44.48,45.13,"784,941"
04/25/2007,44.89,45.95,44.89,45.67,"1,369,335"
04/26/2007,45.77,46.83,45.77,46.78,"2,695,066"
04/27/2007,46.78,47.10,46.32,47.06,"1,286,005"
04/30/2007,46.32,46.92,46.00,46.92,"623,584"
05/02/2007,46.60,46.74,46.23,46.46,"632,459"
05/04/2007,46.50,47.98,46.50,47.98,"1,301,384"
05/07/2007,47.52,48.07,47.15,47.61,"800,677"
05/08/2007,47.06,47.43,46.60,47.06,"616,969"
05/09/2007,46.55,47.06,46.14,46.46,"1,031,634"
05/10/2007,46.23,46.97,45.82,46.97,"868,916"
05/11/2007,46.14,46.60,45.32,46.60,"1,510,115"
05/14/2007,46.14,46.87,45.89,46.60,"1,122,185"
05/15/2007,46.60,47.34,46.55,47.24,"1,545,813"
05/16/2007,46.69,47.20,46.60,46.78,"1,948,100"
05/17/2007,46.64,48.81,46.64,47.29,"1,000,943"
05/18/2007,47.06,48.07,46.74,48.03,"736,874"
05/21/2007,47.34,48.07,47.34,47.98,"1,543,577"
05/22/2007,48.03,50.75,48.03,50.61,"2,061,168"
05/23/2007,50.29,50.47,48.81,48.90,"1,023,479"
05/24/2007,48.30,49.13,47.98,48.90,"1,217,062"
05/25/2007,48.81,48.81,47.01,47.70,"1,073,331"
05/28/2007,47.89,48.44,47.52,48.35,"289,730"
05/29/2007,47.84,49.78,47.80,49.46,"481,671"
05/30/2007,48.35,48.86,47.98,48.86,"673,301"
05/31/2007,49.37,50.33,49.04,49.13,"1,584,584"
06/01/2007,48.95,51.49,48.95,51.49,"1,224,690"
06/04/2007,50.47,51.21,49.92,50.84,"614,813"
06/05/2007,50.75,50.93,49.83,50.75,"639,361"
06/06/2007,49.87,50.24,47.98,48.44,"1,454,456"
06/08/2007,48.30,48.44,47.29,47.43,"1,878,045"
06/11/2007,48.03,49.00,47.52,47.52,"921,355"
06/12/2007,47.52,48.35,47.52,47.66,"1,132,208"
06/13/2007,47.61,48.95,47.52,48.95,"793,053"
06/14/2007,49.00,50.10,48.90,48.90,"1,184,492"
06/15/2007,48.90,50.75,48.90,50.70,"2,170,684"
06/18/2007,50.29,50.70,49.92,50.06,"485,520"
06/19/2007,50.20,50.75,49.64,50.29,"734,231"
06/20/2007,50.70,51.03,49.73,49.73,"894,394"
06/21/2007,49.92,50.61,49.83,49.92,"628,972"
06/22/2007,50.24,51.16,50.10,51.16,"387,178"
06/25/2007,50.33,50.75,49.83,50.56,"746,998"
06/26/2007,49.87,51.07,49.83,50.89,"991,648"
06/27/2007,50.01,50.89,49.87,50.10,"586,330"
06/28/2007,50.15,51.67,50.15,51.67,"2,233,240"
06/29/2007,51.49,51.49,50.33,50.66,"858,350"
07/02/2007,50.52,50.52,49.18,50.29,"705,277"
07/03/2007,50.70,51.63,50.47,51.21,"708,340"
07/04/2007,51.16,51.67,50.84,51.58,"548,710"
07/05/2007,51.26,51.49,50.29,50.70,"579,301"
07/06/2007,50.56,52.64,50.56,52.59,"1,714,026"
07/09/2007,51.76,52.87,51.30,51.40,"756,912"
07/10/2007,51.21,51.21,50.29,51.12,"1,245,393"
07/11/2007,50.70,52.41,50.61,52.09,"1,045,857"
07/12/2007,51.81,52.27,51.21,52.09,"679,125"
07/13/2007,52.41,52.78,52.23,52.27,"1,722,435"
07/16/2007,52.13,52.59,52.00,52.55,"931,563"
07/17/2007,52.18,53.06,51.76,52.50,"612,011"
07/18/2007,51.86,52.04,51.49,51.81,"1,139,413"
07/19/2007,51.76,52.59,51.67,52.59,"1,680,272"
07/20/2007,52.32,52.96,52.13,52.36,"710,848"
07/23/2007,52.23,54.67,52.23,54.12,"1,142,005"
07/24/2007,53.52,54.62,53.52,53.98,"1,166,559"
07/25/2007,53.70,53.70,52.46,53.47,"912,052"
07/26/2007,53.15,54.07,51.30,51.72,"1,559,738"
07/27/2007,51.40,52.36,50.61,50.75,"1,214,784"
07/30/2007,50.84,51.53,50.84,51.12,"700,278"
07/31/2007,51.86,54.44,51.72,54.44,"1,230,594"
08/01/2007,52.04,53.15,51.21,52.59,"1,663,588"
08/02/2007,52.69,53.29,50.75,51.03,"1,005,462"
08/03/2007,51.67,51.81,49.64,49.64,"881,564"
08/06/2007,49.00,50.01,48.35,48.35,"755,130"
08/07/2007,49.04,50.56,49.04,49.78,"820,961"
08/08/2007,49.37,49.46,48.17,48.63,"1,627,808"
08/09/2007,48.77,49.18,47.29,48.67,"802,078"
08/10/2007,47.80,47.80,46.60,47.24,"1,339,938"
08/13/2007,47.29,48.95,47.24,48.90,"1,275,903"
08/14/2007,48.44,48.86,47.70,47.98,"1,034,760"
08/16/2007,45.72,47.20,44.68,44.68,"2,405,693"
08/17/2007,44.75,47.43,43.37,46.32,"2,225,170"
08/20/2007,47.20,47.24,46.09,46.37,"881,568"
08/21/2007,46.32,47.10,45.36,45.36,"1,540,328"
08/22/2007,46.18,48.44,46.14,48.44,"2,400,435"
08/23/2007,48.90,49.27,48.07,48.44,"1,400,320"
08/24/2007,48.30,48.81,47.70,48.81,"713,349"
08/27/2007,48.81,49.23,48.53,48.90,"664,241"
08/28/2007,48.21,49.64,48.21,48.81,"920,630"
08/29/2007,48.21,49.64,48.17,49.64,"826,951"
08/30/2007,49.92,50.29,46.87,47.98,"1,463,507"
08/31/2007,49.00,49.92,48.49,49.50,"1,312,360"
09/03/2007,48.95,49.41,48.90,49.13,"591,402"
09/04/2007,48.90,49.64,48.26,49.64,"485,177"
09/05/2007,49.09,49.32,48.35,48.44,"918,004"
09/06/2007,48.44,49.18,47.75,47.75,"2,073,192"
09/07/2007,47.75,48.58,46.69,47.06,"1,440,433"
09/10/2007,47.01,47.20,45.86,45.86,"1,110,395"
09/11/2007,46.04,47.01,46.04,46.55,"792,939"
09/12/2007,46.50,48.35,46.50,48.21,"945,733"
09/13/2007,48.07,49.64,47.57,49.00,"1,561,337"
09/14/2007,49.00,49.37,48.44,48.44,"1,498,139"
09/17/2007,48.07,49.37,48.07,49.37,"893,805"
09/18/2007,49.32,49.87,49.09,49.64,"978,243"
09/19/2007,50.89,52.09,50.89,52.09,"1,776,437"
09/20/2007,51.49,52.36,51.49,52.23,"894,784"
09/21/2007,51.95,52.59,51.21,51.30,"2,489,371"
09/24/2007,51.16,51.90,50.75,50.75,"791,924"
09/25/2007,50.38,50.66,49.41,49.78,"1,006,003"
09/26/2007,49.92,50.75,49.92,50.29,"1,124,044"
09/27/2007,50.75,51.86,50.47,50.47,"1,753,328"
09/28/2007,50.56,51.58,50.47,50.93,"942,316"
10/01/2007,50.75,51.12,49.73,50.89,"628,295"
10/02/2007,51.40,52.27,51.40,51.95,"3,045,731"
10/03/2007,51.67,51.67,51.03,51.49,"1,462,540"
10/04/2007,50.84,51.21,50.43,50.66,"2,481,638"
10/05/2007,50.75,51.12,50.43,50.80,"1,982,061"
10/08/2007,50.70,50.84,50.01,50.75,"845,449"
10/09/2007,50.33,51.95,50.33,51.53,"3,022,379"
10/10/2007,51.58,52.64,51.44,51.81,"2,790,034"
10/11/2007,52.23,52.55,51.58,52.13,"1,106,105"
10/12/2007,51.67,52.59,51.40,51.58,"1,753,886"
10/15/2007,51.72,52.09,51.49,51.67,"1,093,435"
10/16/2007,50.89,51.21,50.01,50.01,"1,352,174"
10/17/2007,50.29,50.89,50.15,50.75,"1,535,853"
10/18/2007,50.66,50.70,49.09,49.41,"1,359,003"
10/19/2007,49.46,50.38,49.41,50.33,"1,199,651"
10/22/2007,49.37,50.70,48.90,50.52,"872,694"
10/23/2007,50.56,52.13,50.47,52.13,"2,172,262"
10/24/2007,51.58,51.67,51.07,51.21,"1,464,047"
10/25/2007,51.49,52.13,50.70,51.86,"1,445,671"
10/26/2007,51.49,52.09,50.75,51.35,"887,521"
10/29/2007,51.81,52.27,51.40,51.67,"771,677"
10/30/2007,51.49,51.90,51.30,51.90,"434,816"
10/31/2007,51.26,52.09,50.93,51.21,"729,981"
11/02/2007,50.75,51.21,50.15,50.29,"955,397"
11/05/2007,50.29,50.38,49.64,50.38,"1,131,601"
11/06/2007,50.29,51.49,50.24,50.75,"1,196,352"
11/07/2007,50.80,51.35,49.50,49.69,"2,112,878"
11/08/2007,48.90,49.32,48.17,48.63,"1,675,507"
11/09/2007,50.10,50.29,47.80,49.46,"5,449,807"
11/12/2007,48.44,48.90,48.26,48.26,"1,280,983"
11/13/2007,48.26,50.29,48.17,49.64,"1,345,590"
11/14/2007,50.06,50.10,47.98,47.98,"2,125,366"
11/15/2007,48.21,49.00,47.20,47.98,"1,949,580"
11/16/2007,47.84,48.21,46.87,47.52,"2,422,583"
11/19/2007,47.80,48.35,47.15,47.61,"1,527,313"
11/20/2007,47.43,48.35,46.92,48.17,"1,515,518"
11/21/2007,47.34,47.98,47.24,47.43,"2,003,919"
11/22/2007,47.61,48.26,46.97,47.98,"2,668,204"
11/23/2007,47.98,48.12,47.66,47.80,"861,874"
11/26/2007,48.03,48.17,47.06,47.52,"1,864,940"
11/27/2007,47.06,47.06,46.04,46.46,"1,602,757"
11/28/2007,46.23,47.24,45.86,47.24,"1,463,658"
11/29/2007,47.80,48.17,46.87,47.24,"1,371,165"
11/30/2007,47.52,48.03,46.23,46.23,"990,103"
12/03/2007,47.34,47.47,45.91,47.06,"962,020"
12/04/2007,46.87,47.57,46.46,47.38,"435,257"
12/05/2007,47.61,49.27,47.52,48.72,"1,928,787"
12/06/2007,48.63,50.20,48.58,48.58,"1,619,411"
12/07/2007,49.50,50.56,49.00,49.83,"2,402,795"
12/10/2007,49.83,51.40,49.64,50.33,"2,346,455"
12/11/2007,50.43,50.75,50.24,50.56,"1,767,643"
12/12/2007,49.83,50.89,49.41,50.61,"1,593,624"
12/13/2007,49.83,50.10,48.49,49.09,"1,451,598"
12/14/2007,49.09,49.23,47.61,47.98,"1,250,036"
12/17/2007,47.52,47.75,46.23,46.23,"1,384,084"
12/18/2007,46.87,47.89,45.67,46.60,"1,867,219"
12/19/2007,46.83,47.75,46.37,46.60,"2,548,765"
12/20/2007,46.60,47.38,46.41,47.24,"1,168,122"
12/21/2007,47.89,49.27,47.52,48.17,"4,092,111"
12/27/2007,48.44,49.87,48.44,49.87,"863,233"
12/28/2007,48.95,49.37,48.03,48.53,"1,142,514"
01/02/2008,48.07,48.63,46.97,46.97,"1,030,343"
01/03/2008,47.06,47.06,46.27,46.60,"1,443,652"
01/04/2008,46.69,46.97,45.44,46.03,"911,961"
01/07/2008,45.86,46.07,44.53,44.89,"1,456,786"
01/08/2008,45.21,45.49,44.77,45.21,"2,513,683"
01/09/2008,44.52,44.75,43.18,44.29,"3,320,172"
01/10/2008,43.55,44.11,42.58,43.28,"2,232,509"
01/11/2008,42.49,44.11,42.49,42.64,"1,633,276"
01/14/2008,42.45,42.54,40.98,42.06,"2,736,311"
01/15/2008,41.25,42.75,41.08,41.29,"1,996,684"
01/16/2008,38.75,41.98,38.75,39.68,"4,643,961"
01/17/2008,40.69,41.06,38.57,40.97,"3,656,149"
01/18/2008,40.18,42.08,40.18,41.98,"3,076,073"
01/21/2008,41.28,41.47,37.93,37.93,"3,449,657"
01/22/2008,36.08,40.54,35.64,39.03,"4,167,475"
01/23/2008,39.77,40.51,38.29,39.03,"5,905,828"
01/24/2008,40.42,41.43,39.78,41.25,"3,451,658"
01/25/2008,41.54,42.08,40.97,41.98,"3,467,810"
01/28/2008,41.25,41.98,40.60,41.38,"1,727,055"
01/29/2008,41.53,43.03,41.53,43.03,"1,416,448"
01/30/2008,42.91,43.31,41.98,42.45,"1,930,899"
01/31/2008,41.94,42.45,40.78,41.25,"1,954,075"
02/01/2008,41.52,42.03,41.29,41.63,"1,247,579"
02/04/2008,42.08,42.44,41.26,41.52,"1,056,538"
02/05/2008,41.26,41.60,39.22,39.77,"2,037,365"
02/06/2008,39.31,39.58,38.48,39.11,"2,036,866"
02/07/2008,38.77,39.01,37.55,38.66,"1,541,096"
02/08/2008,38.77,39.03,37.83,38.75,"1,517,078"
02/11/2008,38.85,40.55,38.58,39.69,"1,775,761"
02/12/2008,40.42,41.52,39.89,41.06,"3,361,161"
02/13/2008,40.88,41.33,40.37,41.06,"1,995,089"
02/14/2008,42.45,42.92,41.73,42.28,"3,157,152"
02/15/2008,42.25,42.25,40.82,41.52,"1,344,441"
02/18/2008,41.49,43.28,41.49,42.91,"1,462,240"
02/19/2008,42.53,43.60,42.12,43.23,"1,320,253"
02/20/2008,42.44,43.28,41.66,43.28,"1,732,884"
02/21/2008,43.30,43.54,41.98,42.16,"1,515,983"
02/22/2008,41.82,41.97,40.92,40.92,"1,656,879"
02/25/2008,41.47,41.61,39.82,40.31,"1,883,767"
02/26/2008,40.42,41.05,39.35,39.62,"1,969,831"
02/27/2008,39.70,40.00,38.94,39.46,"2,011,848"
02/28/2008,39.67,39.77,38.75,39.68,"1,350,435"
02/29/2008,39.68,40.19,38.75,38.75,"1,682,177"
03/03/2008,38.04,38.62,37.47,38.29,"2,136,650"
03/04/2008,38.32,38.56,37.83,37.92,"1,162,462"
03/05/2008,38.11,39.68,38.02,39.68,"1,440,177"
03/06/2008,38.77,39.95,38.77,38.98,"763,228"
03/07/2008,38.20,38.46,37.55,37.96,"3,282,939"
03/10/2008,38.02,39.22,37.83,38.98,"1,085,053"
03/11/2008,38.94,40.55,38.88,40.23,"1,769,977"
03/12/2008,40.26,40.59,39.50,40.13,"917,375"
03/13/2008,39.38,39.38,38.06,38.21,"1,962,716"
03/14/2008,38.33,38.98,37.73,37.85,"1,532,617"
03/17/2008,37.38,37.64,35.83,36.06,"1,544,224"
03/18/2008,36.18,38.75,36.18,38.75,"1,067,502"
03/19/2008,38.66,39.29,37.42,39.22,"2,100,809"
03/20/2008,38.39,39.66,38.39,38.43,"3,392,743"
03/25/2008,39.63,40.45,39.49,40.45,"2,069,357"
03/26/2008,39.82,40.87,39.72,40.60,"4,474,458"
03/27/2008,40.98,42.31,40.98,41.56,"3,047,261"
03/28/2008,40.61,41.75,40.61,41.48,"1,059,994"
03/31/2008,40.69,42.02,40.26,41.52,"1,871,481"
04/01/2008,40.61,42.90,40.61,42.82,"2,170,594"
04/02/2008,43.46,43.72,41.75,42.54,"2,217,978"
04/03/2008,42.27,43.00,41.34,41.34,"1,677,851"
04/04/2008,41.34,42.26,41.06,42.01,"914,597"
04/07/2008,42.17,43.27,42.09,42.88,"1,192,288"
04/08/2008,42.63,42.63,41.54,41.79,"724,548"
04/09/2008,41.52,42.86,41.43,42.66,"933,012"
04/10/2008,41.98,42.63,41.43,41.61,"700,880"
04/11/2008,42.26,42.79,40.60,40.60,"1,775,246"
04/14/2008,40.60,41.22,39.63,40.42,"1,471,748"
04/15/2008,40.60,41.06,39.67,40.98,"864,172"
04/16/2008,40.69,41.75,40.69,41.52,"1,391,336"
04/17/2008,41.52,41.62,40.69,40.94,"1,521,325"
04/18/2008,40.65,42.17,40.63,42.17,"1,416,875"
04/21/2008,41.37,42.45,41.34,41.70,"989,550"
04/22/2008,41.43,41.70,40.42,41.22,"1,296,985"
04/23/2008,41.20,41.34,39.78,40.60,"1,765,569"
04/24/2008,40.60,41.92,40.33,41.92,"1,708,331"
04/25/2008,41.90,42.45,41.54,42.43,"1,735,488"
04/28/2008,42.38,42.91,42.38,42.77,"1,559,543"
04/29/2008,42.54,42.54,41.56,41.89,"1,453,909"
04/30/2008,41.61,42.45,41.12,42.45,"788,949"
05/05/2008,42.90,43.55,42.90,43.55,"1,237,788"
05/06/2008,43.65,43.73,43.18,43.70,"1,123,847"
05/07/2008,44.01,45.21,44.01,44.92,"2,515,607"
05/08/2008,44.74,44.75,43.84,44.29,"1,387,740"
05/09/2008,44.38,44.63,44.17,44.43,"1,544,489"
05/12/2008,44.43,45.03,44.31,44.57,"1,823,408"
05/13/2008,44.66,44.97,44.66,44.93,"1,208,262"
05/14/2008,45.06,45.95,44.95,45.95,"2,484,630"
05/15/2008,45.42,46.41,45.31,45.49,"3,501,053"
05/16/2008,45.85,46.00,45.31,45.67,"1,142,118"
05/19/2008,45.21,45.58,44.71,44.86,"617,454"
05/20/2008,44.75,45.11,44.36,44.62,"1,684,810"
05/21/2008,44.47,45.67,44.29,45.67,"1,656,891"
05/23/2008,44.80,45.87,44.80,45.39,"1,039,211"
05/26/2008,45.21,45.44,45.03,45.21,"970,626"
05/27/2008,45.24,45.84,45.22,45.22,"1,578,900"
05/28/2008,45.27,47.29,45.27,47.01,"5,320,241"
05/29/2008,47.06,47.70,46.14,46.60,"4,576,577"
05/30/2008,46.69,46.92,46.23,46.46,"1,668,632"
06/02/2008,46.41,47.24,46.27,47.01,"1,130,311"
06/03/2008,46.37,46.97,46.27,46.83,"987,140"
06/04/2008,46.74,46.74,44.78,44.78,"1,470,408"
06/05/2008,45.57,45.66,44.78,44.95,"1,400,971"
06/06/2008,45.67,46.06,44.29,44.29,"977,069"
06/09/2008,43.83,43.97,43.10,43.28,"1,410,490"
06/10/2008,42.91,43.28,42.26,42.72,"2,370,747"
06/11/2008,42.99,43.18,41.60,41.60,"1,814,821"
06/12/2008,41.58,42.40,41.58,42.40,"1,604,365"
06/13/2008,42.21,42.38,41.43,42.34,"1,513,254"
06/16/2008,42.58,43.18,42.45,42.63,"1,627,571"
06/17/2008,43.37,44.65,42.72,44.28,"3,894,901"
06/18/2008,44.28,44.28,43.37,43.83,"1,327,384"
06/19/2008,42.68,44.84,42.68,44.73,"2,388,313"
06/20/2008,44.34,44.93,42.95,42.95,"2,448,700"
06/23/2008,43.09,44.11,41.61,41.61,"1,130,149"
06/24/2008,42.45,42.61,41.08,41.95,"1,710,843"
06/25/2008,42.45,42.52,41.29,42.34,"824,275"
06/26/2008,42.34,42.63,41.34,41.97,"2,495,925"
06/27/2008,41.06,42.44,41.06,41.52,"1,476,958"
06/30/2008,42.90,42.90,41.54,42.32,"1,953,238"
07/01/2008,41.99,42.32,41.15,41.98,"2,075,948"
07/02/2008,41.61,41.85,40.65,40.78,"1,030,544"
07/03/2008,40.60,41.14,39.49,40.09,"2,765,530"
07/04/2008,40.05,40.42,39.40,39.44,"926,916"
07/07/2008,39.54,41.52,39.54,40.88,"1,304,713"
07/08/2008,40.15,42.72,39.87,42.72,"1,565,736"
07/09/2008,42.45,43.18,42.45,43.18,"3,206,980"
07/10/2008,41.99,43.13,41.98,41.98,"1,659,673"
07/11/2008,42.43,42.44,40.78,41.15,"1,194,512"
07/14/2008,41.80,42.33,41.53,41.53,"1,362,821"
07/15/2008,40.76,41.40,39.98,40.14,"1,889,007"
07/16/2008,40.59,40.88,39.58,39.79,"1,650,480"
07/17/2008,40.69,41.52,40.17,41.52,"2,135,265"
07/18/2008,41.71,42.54,41.53,42.23,"2,440,362"
07/21/2008,41.62,43.19,41.62,43.19,"1,314,869"
07/22/2008,42.54,42.81,42.06,42.64,"1,782,006"
07/23/2008,42.95,44.20,42.95,44.20,"2,276,437"
07/24/2008,44.01,45.58,44.01,45.03,"6,486,420"
07/25/2008,44.29,46.13,43.74,45.95,"2,337,436"
07/28/2008,45.41,46.23,45.22,45.49,"2,653,819"
07/29/2008,44.75,46.09,44.75,46.09,"1,004,702"
07/30/2008,46.14,48.07,46.11,48.07,"2,740,164"
07/31/2008,47.66,48.44,46.60,48.44,"2,909,137"
08/01/2008,47.66,48.17,46.37,47.98,"2,558,587"
08/04/2008,47.52,47.66,46.27,46.27,"1,474,510"
08/05/2008,46.14,47.70,46.14,47.43,"2,393,877"
08/06/2008,48.17,48.21,46.32,46.83,"2,449,657"
08/07/2008,46.83,47.75,46.04,46.04,"2,249,977"
08/08/2008,46.00,46.03,44.51,45.23,"1,934,292"
08/11/2008,46.12,46.14,45.40,45.63,"1,080,284"
08/12/2008,45.56,47.24,45.56,46.41,"1,740,047"
08/13/2008,45.50,45.91,43.55,44.10,"1,268,089"
08/14/2008,44.29,45.06,43.64,44.38,"2,024,828"
08/18/2008,44.57,45.74,44.29,45.49,"1,332,104"
08/19/2008,44.75,45.86,44.75,45.21,"1,443,750"
08/20/2008,44.98,45.67,44.47,45.02,"1,568,446"
08/21/2008,44.43,44.93,43.83,43.85,"2,452,532"
08/22/2008,44.65,44.71,43.75,44.71,"1,756,760"
08/25/2008,44.47,45.19,44.41,45.11,"1,119,378"
08/26/2008,44.29,44.56,44.06,44.29,"1,073,037"
08/27/2008,44.29,44.47,42.92,43.18,"1,950,721"
08/28/2008,43.18,44.84,42.95,44.84,"2,152,044"
08/29/2008,44.84,46.12,44.84,45.21,"1,592,441"
09/01/2008,44.30,45.02,44.30,44.67,"394,618"
09/02/2008,44.50,46.69,44.35,46.32,"1,484,191"
09/03/2008,45.40,46.27,45.21,45.21,"1,495,841"
09/04/2008,45.40,45.55,43.92,43.92,"1,682,488"
09/05/2008,43.37,43.78,41.75,42.40,"2,461,201"
09/08/2008,43.69,44.75,43.46,44.10,"1,651,289"
09/09/2008,44.10,44.44,42.55,43.14,"984,343"
09/10/2008,43.08,43.14,41.96,42.30,"2,263,378"
09/11/2008,41.98,42.45,41.43,41.53,"2,216,269"
09/12/2008,42.18,42.26,41.30,41.34,"770,873"
09/15/2008,40.84,40.91,39.46,39.72,"2,600,545"
09/16/2008,39.44,40.60,37.83,38.30,"4,286,001"
09/17/2008,38.85,39.44,37.97,39.00,"3,845,714"
09/18/2008,37.83,40.02,37.65,38.76,"1,987,689"
09/19/2008,40.60,42.08,39.72,41.40,"4,518,409"
09/22/2008,41.71,42.40,41.20,42.38,"2,241,651"
09/23/2008,41.21,41.52,40.14,40.19,"2,844,513"
09/24/2008,40.32,40.78,39.82,39.82,"2,176,419"
09/25/2008,39.86,41.52,39.58,41.52,"2,410,161"
09/26/2008,40.60,41.71,40.30,41.43,"1,663,997"
09/29/2008,40.78,41.32,38.29,38.29,"1,729,206"
09/30/2008,36.91,40.60,36.91,40.05,"3,371,015"
10/01/2008,40.32,41.98,40.05,40.05,"2,648,175"
10/02/2008,41.04,41.25,39.86,40.59,"1,217,360"
10/03/2008,39.86,41.25,39.70,41.06,"1,491,571"
10/06/2008,39.31,39.68,37.46,37.85,"2,230,652"
10/07/2008,38.75,39.12,36.17,36.45,"2,989,351"
10/08/2008,34.33,37.36,33.64,35.31,"4,300,306"
10/09/2008,35.48,36.12,34.45,34.67,"3,883,652"
10/10/2008,31.51,32.75,28.36,32.30,"8,944,731"
10/13/2008,33.91,34.14,30.91,32.43,"4,845,128"
10/14/2008,34.65,35.01,32.66,33.03,"4,099,919"
10/15/2008,32.76,32.76,29.34,30.36,"4,533,541"
10/16/2008,28.14,29.80,27.96,28.60,"4,830,971"
10/17/2008,29.70,30.07,25.24,26.39,"7,522,213"
10/20/2008,27.22,27.61,25.85,25.85,"4,915,452"
10/21/2008,26.39,27.45,25.84,26.32,"6,791,187"
10/22/2008,25.93,26.67,24.64,24.64,"3,294,622"
10/23/2008,24.18,24.89,22.25,24.25,"4,735,761"
10/24/2008,22.70,23.25,21.50,22.83,"6,074,756"
10/27/2008,21.78,23.08,20.99,22.70,"7,285,794"
10/28/2008,23.85,24.82,23.53,24.64,"5,773,756"
10/29/2008,26.48,27.87,25.74,27.22,"5,045,770"
10/30/2008,28.60,28.96,27.22,28.33,"6,118,477"
10/31/2008,27.82,29.06,27.31,28.60,"3,968,634"
11/03/2008,28.60,29.57,28.14,28.88,"3,522,683"
11/04/2008,29.07,31.14,28.79,31.14,"2,759,383"
11/05/2008,30.90,30.91,29.99,30.34,"2,319,699"
11/06/2008,28.88,30.08,27.98,28.51,"3,825,100"
11/07/2008,28.70,29.25,27.78,28.42,"3,006,640"
11/10/2008,29.07,29.52,29.07,29.22,"955,765"
11/12/2008,28.24,28.42,26.48,27.68,"3,653,665"
11/13/2008,25.70,27.50,25.37,26.95,"4,265,530"
11/14/2008,27.91,28.18,27.40,27.77,"2,884,681"
11/17/2008,27.68,27.82,26.58,27.22,"1,672,842"
11/18/2008,26.99,26.99,25.93,26.21,"2,590,217"
11/19/2008,26.66,27.13,25.94,27.13,"2,374,059"
11/20/2008,25.65,26.05,25.24,25.84,"3,514,726"
11/21/2008,26.39,26.94,25.61,26.30,"2,510,930"
11/24/2008,26.80,29.01,26.39,29.01,"1,776,328"
11/25/2008,28.88,29.99,28.47,29.89,"3,059,330"
11/26/2008,29.16,30.67,28.92,29.76,"3,584,510"
11/27/2008,30.27,30.63,29.98,30.35,"2,243,933"
11/28/2008,30.13,30.72,29.07,29.53,"2,900,740"
12/01/2008,29.24,29.52,28.53,28.60,"2,128,934"
12/02/2008,27.68,29.90,27.40,29.16,"2,981,813"
12/03/2008,29.34,29.69,28.45,28.65,"2,018,912"
12/04/2008,28.97,30.73,28.71,30.45,"4,308,676"
12/05/2008,29.99,30.78,29.37,29.85,"1,786,760"
12/08/2008,31.13,32.39,31.10,32.20,"4,096,354"
12/09/2008,32.15,33.22,31.86,33.22,"4,231,373"
12/10/2008,33.49,33.96,32.66,33.34,"4,496,296"
12/11/2008,33.22,33.59,32.67,33.40,"3,363,896"
12/12/2008,32.30,32.48,31.74,32.12,"2,566,801"
12/15/2008,32.76,33.31,31.93,33.31,"1,693,054"
12/16/2008,33.31,35.02,32.95,35.02,"3,974,744"
12/17/2008,35.11,35.16,32.76,32.76,"2,428,286"
12/18/2008,32.30,33.36,32.03,32.66,"2,249,039"
12/19/2008,32.11,33.10,32.02,32.30,"3,509,511"
12/22/2008,32.76,33.12,31.60,31.83,"1,367,390"
12/23/2008,31.83,32.27,31.50,31.73,"962,868"
12/29/2008,31.83,32.70,31.73,32.30,"766,696"
12/30/2008,32.38,33.20,32.38,32.76,"1,381,485"
12/31/2008,32.76,33.03,32.46,32.76,"619,530"
01/05/2009,34.06,34.09,33.49,33.73,"1,374,389"
01/06/2009,33.71,34.58,33.71,34.53,"2,634,160"
01/07/2009,34.46,34.46,33.79,34.14,"3,000,201"
01/08/2009,33.25,34.24,32.90,33.10,"2,885,353"
01/09/2009,33.37,33.55,31.56,31.68,"3,573,152"
01/12/2009,31.82,31.91,30.31,30.45,"4,116,913"
01/13/2009,30.17,30.27,28.88,29.53,"4,828,998"
01/14/2009,29.94,30.08,27.66,27.67,"6,108,862"
01/15/2009,27.68,28.47,26.49,27.21,"3,056,140"
01/16/2009,28.55,28.55,27.88,28.14,"2,408,783"
01/19/2009,28.65,28.79,27.04,27.31,"2,985,644"
01/20/2009,27.06,27.22,26.30,26.57,"4,156,691"
01/21/2009,25.84,27.66,25.34,27.66,"5,666,662"
01/22/2009,28.14,28.42,26.11,27.40,"4,226,264"
01/23/2009,27.11,27.11,25.66,26.16,"3,715,186"
01/26/2009,25.93,27.58,25.51,27.58,"3,077,687"
01/27/2009,27.59,27.67,26.25,26.33,"2,064,411"
01/28/2009,26.94,27.59,26.78,27.17,"1,524,895"
01/29/2009,27.31,27.31,26.35,26.75,"1,917,120"
01/30/2009,26.36,26.85,25.48,25.65,"4,749,724"
02/02/2009,25.65,25.65,24.10,24.27,"3,672,649"
02/03/2009,24.41,24.54,22.61,22.61,"4,260,485"
02/04/2009,22.84,22.88,21.73,22.51,"9,212,537"
02/05/2009,22.15,23.38,21.25,22.70,"7,531,757"
02/06/2009,23.39,24.26,23.30,23.53,"5,961,689"
02/09/2009,23.90,24.91,23.26,24.91,"2,929,506"
02/10/2009,24.63,25.14,24.43,24.68,"3,068,102"
02/11/2009,23.83,24.60,23.71,24.09,"3,403,261"
02/12/2009,24.17,24.18,22.73,23.02,"4,819,273"
02/13/2009,23.21,23.59,22.88,23.16,"3,646,813"
02/16/2009,22.98,22.98,21.33,21.33,"2,840,520"
02/17/2009,20.97,20.97,18.88,18.88,"7,790,652"
02/18/2009,19.42,19.47,17.13,18.29,"17,964,205"
02/19/2009,19.10,20.21,18.64,19.38,"10,451,562"
02/20/2009,18.63,19.10,17.89,18.47,"5,894,250"
02/23/2009,19.38,19.57,17.85,17.85,"5,942,612"
02/24/2009,17.53,17.68,17.13,17.48,"6,757,390"
02/25/2009,18.37,18.45,17.44,17.44,"6,367,475"
02/26/2009,17.35,18.13,17.07,18.13,"5,105,756"
02/27/2009,17.72,18.78,17.39,17.71,"9,833,242"
03/02/2009,17.51,17.81,17.25,17.53,"2,854,812"
03/03/2009,17.54,18.05,17.45,17.90,"5,242,048"
03/04/2009,18.18,19.27,17.93,19.05,"8,645,934"
03/05/2009,19.24,19.24,18.50,18.66,"6,208,515"
03/06/2009,18.41,19.47,18.32,19.29,"6,844,475"
03/09/2009,19.52,19.61,18.92,19.01,"4,167,760"
03/10/2009,19.01,20.16,19.01,20.02,"6,658,179"
03/11/2009,20.30,20.72,20.04,20.21,"5,486,368"
03/12/2009,20.01,20.53,19.54,20.53,"5,674,067"
03/13/2009,21.18,21.18,20.67,20.67,"5,487,412"
03/16/2009,20.95,21.31,20.76,21.14,"3,870,833"
03/17/2009,20.99,21.04,20.33,20.52,"4,635,299"
03/18/2009,20.60,20.62,19.79,19.95,"4,268,654"
03/19/2009,20.12,20.59,19.96,20.45,"7,770,855"
03/20/2009,20.24,20.75,20.12,20.75,"3,921,672"
03/23/2009,21.04,21.71,20.95,21.68,"4,373,481"
03/24/2009,22.42,22.54,21.42,21.55,"4,634,894"
03/25/2009,21.45,22.60,21.32,22.58,"4,758,800"
03/26/2009,22.53,22.70,22.25,22.28,"3,104,395"
03/27/2009,22.27,22.41,21.18,21.21,"3,870,955"
03/30/2009,20.75,20.91,19.48,19.64,"4,657,883"
03/31/2009,19.92,20.24,19.75,19.76,"5,166,669"
04/01/2009,20.07,20.12,19.28,19.77,"8,605,815"
04/02/2009,20.30,21.36,20.30,21.36,"7,318,467"
04/03/2009,21.18,22.51,20.96,21.41,"10,974,017"
04/06/2009,21.75,22.71,21.60,22.41,"8,542,895"
04/07/2009,22.07,22.60,22.02,22.33,"5,358,871"
04/08/2009,22.01,24.06,21.87,23.99,"7,203,664"
04/09/2009,24.36,24.54,23.22,24.41,"6,027,211"
04/14/2009,23.88,25.26,23.82,25.03,"7,528,885"
04/15/2009,24.82,25.19,24.60,25.19,"4,759,913"
04/16/2009,25.28,25.85,24.71,25.08,"3,862,987"
04/17/2009,24.95,25.09,23.58,23.58,"3,969,651"
04/20/2009,23.71,23.79,22.36,22.36,"2,897,763"
04/21/2009,22.38,22.98,22.11,22.35,"3,545,125"
04/22/2009,22.52,23.40,22.35,22.88,"4,189,376"
04/23/2009,23.07,23.34,22.79,23.00,"5,246,793"
04/24/2009,22.98,23.52,22.91,23.43,"5,437,951"
04/27/2009,23.05,23.44,22.82,23.44,"2,307,304"
04/28/2009,22.89,23.31,22.82,22.93,"2,565,935"
04/29/2009,23.20,23.98,23.11,23.98,"3,136,661"
04/30/2009,24.27,25.02,24.27,24.79,"4,635,894"
05/04/2009,25.28,26.24,25.24,26.11,"4,046,599"
05/05/2009,25.84,26.73,25.56,26.21,"5,071,006"
05/06/2009,25.84,26.66,25.80,26.06,"3,038,504"
05/07/2009,26.57,26.70,26.07,26.25,"3,334,175"
05/08/2009,26.21,26.30,25.43,25.84,"4,202,822"
05/11/2009,25.84,26.07,25.37,25.67,"2,692,013"
05/12/2009,25.91,26.80,25.74,26.34,"3,178,984"
05/13/2009,26.34,26.53,25.74,25.79,"2,883,309"
05/14/2009,24.82,25.46,24.45,25.01,"5,250,899"
05/15/2009,25.15,25.31,24.46,24.68,"3,292,296"
05/18/2009,24.64,24.90,24.23,24.89,"1,523,498"
05/19/2009,25.66,25.73,25.09,25.28,"2,697,200"
05/20/2009,25.28,25.90,24.90,25.01,"3,374,626"
05/21/2009,24.27,25.14,24.27,24.43,"3,019,715"
05/22/2009,24.45,24.68,23.85,24.10,"1,742,698"
05/25/2009,24.45,24.45,23.71,24.04,"1,086,743"
05/26/2009,23.92,24.18,23.62,24.12,"1,426,008"
05/27/2009,24.22,24.74,24.05,24.19,"3,901,273"
05/28/2009,24.26,24.40,23.59,23.62,"3,418,593"
05/29/2009,23.81,23.98,22.74,23.07,"5,942,325"
06/01/2009,23.53,24.90,23.34,24.87,"3,980,924"
06/02/2009,24.70,25.60,24.47,24.82,"3,619,925"
06/03/2009,25.37,25.42,24.18,24.18,"3,157,026"
06/04/2009,24.34,24.77,24.10,24.68,"3,020,789"
06/05/2009,25.05,25.37,24.64,24.64,"2,593,591"
06/08/2009,23.38,24.16,23.16,23.30,"5,605,378"
06/09/2009,23.25,23.25,22.05,22.62,"10,310,077"
06/10/2009,22.90,23.62,22.90,23.62,"4,758,599"
06/12/2009,23.80,24.36,23.43,24.18,"4,024,727"
06/15/2009,24.08,24.45,23.81,24.36,"2,545,683"
06/16/2009,24.10,24.69,23.91,24.46,"2,742,405"
06/17/2009,24.28,24.64,23.94,23.99,"4,633,504"
06/18/2009,23.99,24.22,23.58,23.99,"2,462,455"
06/19/2009,23.67,24.63,23.67,24.55,"4,764,151"
06/22/2009,24.31,24.43,23.48,23.76,"2,354,977"
06/23/2009,23.34,23.99,23.34,23.76,"1,951,869"
06/24/2009,23.76,23.94,23.25,23.48,"2,238,847"
06/25/2009,23.63,23.74,22.93,23.06,"4,497,859"
06/26/2009,23.43,23.48,23.10,23.30,"1,660,324"
06/29/2009,23.09,24.31,23.09,24.31,"3,127,721"
06/30/2009,24.59,25.19,23.53,23.53,"5,319,687"
07/01/2009,23.54,24.22,23.41,24.17,"2,224,149"
07/02/2009,24.13,24.50,23.55,23.58,"2,117,924"
07/03/2009,23.62,23.89,23.18,23.18,"1,436,962"
07/06/2009,23.07,23.43,22.84,23.16,"957,016"
07/07/2009,23.34,23.52,23.09,23.13,"1,088,892"
07/08/2009,22.64,23.30,22.64,23.24,"2,218,234"
07/09/2009,23.34,23.53,22.80,23.28,"2,377,014"
07/10/2009,23.39,23.44,23.11,23.30,"1,912,737"
07/13/2009,23.02,23.48,22.86,23.25,"1,544,038"
07/14/2009,23.51,25.11,23.50,25.11,"3,088,765"
07/15/2009,25.19,25.78,24.66,25.78,"7,090,627"
07/16/2009,25.48,26.30,25.32,26.15,"3,764,132"
07/17/2009,25.84,26.39,25.74,26.39,"3,202,025"
07/20/2009,26.44,28.12,26.44,27.96,"4,749,025"
07/21/2009,27.85,28.59,27.46,28.42,"4,403,528"
07/22/2009,28.05,28.14,27.16,27.49,"4,007,197"
07/23/2009,27.68,27.87,27.50,27.82,"2,059,573"
07/24/2009,28.14,29.53,28.04,29.05,"3,010,330"
07/27/2009,29.43,30.40,29.34,29.53,"5,823,454"
07/28/2009,29.79,30.08,28.15,28.15,"2,095,583"
07/29/2009,28.14,28.83,27.82,28.33,"1,594,083"
07/30/2009,28.79,30.45,28.33,30.45,"2,291,844"
07/31/2009,30.46,31.83,30.16,30.74,"5,450,608"
08/03/2009,30.73,31.56,30.45,30.68,"2,919,031"
08/04/2009,30.44,30.44,29.99,30.08,"1,355,875"
08/05/2009,29.94,30.68,29.16,29.16,"2,226,983"
08/06/2009,29.53,30.23,28.61,29.53,"1,963,574"
08/07/2009,29.53,30.45,28.88,30.45,"1,440,659"
08/10/2009,30.45,30.52,29.55,30.52,"1,778,193"
08/11/2009,30.19,30.80,29.07,29.07,"1,754,561"
08/12/2009,28.83,29.11,28.22,28.62,"2,025,176"
08/13/2009,29.99,30.45,29.07,29.89,"2,354,035"
08/14/2009,30.08,30.82,29.34,29.79,"2,677,514"
08/17/2009,28.98,29.16,28.25,28.25,"2,406,183"
08/18/2009,28.63,28.87,27.97,28.87,"1,762,925"
08/19/2009,28.58,29.34,28.24,29.34,"1,896,374"
08/20/2009,29.71,30.36,29.43,30.36,"3,716,535"
08/21/2009,30.14,32.29,30.14,32.29,"5,564,338"
08/24/2009,32.30,33.22,32.12,33.21,"2,656,387"
08/25/2009,32.57,33.59,32.30,33.31,"2,606,829"
08/26/2009,33.03,33.68,32.03,32.30,"2,017,643"
08/27/2009,32.83,34.21,32.53,32.76,"5,112,926"
08/28/2009,33.49,34.10,32.76,32.76,"2,104,583"
08/31/2009,32.57,33.13,32.39,32.57,"1,048,301"
09/01/2009,32.85,33.31,32.07,32.85,"1,389,592"
09/02/2009,32.29,32.38,30.71,30.71,"3,088,496"
09/03/2009,31.24,31.33,29.80,29.80,"3,626,145"
09/04/2009,30.17,30.43,29.54,29.71,"1,593,165"
09/07/2009,30.08,30.54,29.80,30.03,"1,718,295"
09/08/2009,30.32,30.36,29.63,29.80,"2,178,446"
09/09/2009,29.71,30.35,29.53,30.03,"3,564,507"
09/10/2009,30.67,30.73,28.97,29.07,"2,057,474"
09/11/2009,29.53,29.70,28.60,28.65,"1,890,009"
09/14/2009,28.33,28.56,27.64,28.10,"2,902,425"
09/15/2009,28.50,29.02,27.81,28.32,"2,488,091"
09/16/2009,28.69,29.14,28.62,29.07,"2,107,332"
09/17/2009,29.71,29.80,29.17,29.71,"2,996,062"
09/18/2009,29.52,30.27,29.36,29.90,"5,770,739"
09/21/2009,30.27,31.05,30.10,30.40,"3,435,794"
09/22/2009,29.88,31.77,29.67,31.19,"5,674,513"
09/23/2009,31.64,32.43,31.52,32.08,"4,918,117"
09/24/2009,32.12,33.18,31.94,32.30,"5,329,927"
09/25/2009,32.03,32.34,31.65,31.95,"4,616,359"
09/28/2009,32.11,32.48,31.75,31.75,"2,299,458"
09/29/2009,31.89,32.11,30.64,30.64,"4,672,331"
09/30/2009,30.86,31.93,30.58,30.96,"6,554,791"
10/01/2009,31.74,32.48,30.83,30.83,"9,241,387"
10/02/2009,31.40,31.90,30.51,31.59,"8,327,535"
10/05/2009,31.48,31.58,30.90,31.30,"2,092,539"
10/06/2009,31.41,33.02,31.41,32.61,"2,331,051"
10/07/2009,32.56,32.60,31.65,31.65,"2,349,516"
10/08/2009,31.89,32.14,31.40,31.95,"3,902,472"
10/09/2009,31.90,32.59,31.75,31.99,"3,514,404"
10/12/2009,32.00,32.28,31.75,32.10,"3,601,539"
10/13/2009,32.10,32.13,31.55,31.88,"3,629,010"
10/14/2009,31.90,33.20,31.80,33.20,"7,141,234"
10/15/2009,33.20,33.64,32.57,32.90,"3,712,769"
10/16/2009,32.80,33.59,32.80,33.20,"2,951,483"
10/19/2009,33.25,35.00,33.20,34.75,"2,805,113"
10/20/2009,35.10,35.57,34.85,35.00,"2,428,220"
10/21/2009,35.00,35.30,34.13,35.11,"2,503,417"
10/22/2009,34.94,35.90,34.55,35.50,"1,918,372"
10/23/2009,35.99,36.08,35.74,36.00,"1,860,267"
10/26/2009,35.69,36.15,35.05,35.05,"1,741,095"
10/27/2009,34.80,34.80,34.10,34.50,"1,446,984"
10/28/2009,34.40,34.50,33.64,33.88,"3,091,462"
10/29/2009,33.51,35.80,32.80,35.30,"5,297,573"
10/30/2009,35.24,36.33,34.62,34.70,"4,025,362"
11/02/2009,34.65,35.12,34.17,34.90,"3,206,315"
11/03/2009,34.80,34.80,33.32,33.50,"3,883,563"
11/04/2009,34.09,34.85,34.08,34.85,"1,735,244"
11/05/2009,34.50,36.00,34.40,36.00,"4,319,940"
11/06/2009,35.97,36.15,34.83,35.52,"3,325,708"
11/09/2009,35.99,36.90,35.70,36.90,"2,654,692"
11/10/2009,36.40,37.51,36.24,36.95,"1,573,392"
11/12/2009,36.95,37.37,36.18,37.37,"2,569,871"
11/13/2009,36.90,37.60,36.69,37.52,"2,077,485"
11/16/2009,38.04,39.30,38.04,39.30,"2,354,753"
11/17/2009,39.00,39.31,38.56,38.70,"1,669,956"
11/18/2009,38.90,38.99,37.55,37.80,"1,606,310"
11/19/2009,37.50,37.59,36.26,36.40,"3,628,718"
11/20/2009,36.65,37.56,36.38,37.01,"1,828,528"
11/23/2009,37.70,38.70,37.34,38.51,"1,924,731"
11/24/2009,38.50,38.50,37.51,37.99,"2,686,660"
11/25/2009,38.01,38.38,37.11,37.11,"975,222"
11/26/2009,37.21,37.22,36.55,36.55,"2,750,491"
11/27/2009,35.61,37.10,34.90,37.05,"3,220,970"
11/30/2009,37.64,37.99,37.40,37.60,"1,861,606"
12/01/2009,37.77,38.33,37.60,37.99,"3,660,688"
12/02/2009,38.10,38.39,37.84,38.00,"3,318,736"
12/03/2009,38.50,38.80,37.91,38.09,"1,497,653"
12/04/2009,38.05,39.09,37.60,39.00,"2,040,993"
12/07/2009,38.70,39.00,38.20,39.00,"646,554"
12/08/2009,38.80,39.17,37.95,37.95,"1,480,555"
12/09/2009,37.80,37.94,36.51,36.51,"4,350,505"
12/10/2009,36.94,37.21,36.50,36.90,"2,890,817"
12/11/2009,37.35,37.60,36.50,37.15,"2,427,206"
12/14/2009,37.68,37.91,37.50,37.84,"1,023,534"
12/15/2009,37.65,37.65,37.21,37.50,"1,754,046"
12/16/2009,37.52,37.95,37.25,37.28,"1,146,501"
12/17/2009,37.15,37.27,36.60,37.10,"2,183,839"
12/18/2009,36.82,37.91,36.82,37.91,"5,427,241"
12/21/2009,37.95,38.50,37.71,38.31,"1,708,466"
12/22/2009,38.50,38.82,38.20,38.50,"1,383,424"
12/23/2009,38.50,38.70,38.05,38.30,"917,127"
12/28/2009,38.97,38.99,38.73,38.85,"1,409,765"
12/29/2009,38.85,38.90,38.07,38.12,"3,811,212"
12/30/2009,38.12,38.24,37.45,37.50,"1,352,480"
12/31/2009,37.79,38.00,37.57,38.00,"868,458"
